-- phpMyAdmin SQL Dump
-- version 4.7.4
-- https://www.phpmyadmin.net/
--
-- Host: 127.0.0.1:3306
-- Generation Time: Apr 25, 2019 at 09:07 AM
-- Server version: 5.7.19
-- PHP Version: 7.1.9

SET SQL_MODE = "NO_AUTO_VALUE_ON_ZERO";
SET AUTOCOMMIT = 0;
START TRANSACTION;
SET time_zone = "+00:00";


/*!40101 SET @OLD_CHARACTER_SET_CLIENT=@@CHARACTER_SET_CLIENT */;
/*!40101 SET @OLD_CHARACTER_SET_RESULTS=@@CHARACTER_SET_RESULTS */;
/*!40101 SET @OLD_COLLATION_CONNECTION=@@COLLATION_CONNECTION */;
/*!40101 SET NAMES utf8mb4 */;
--
-- Database: `e_dnevnik_`
--

-- --------------------------------------------------------

--
-- Table structure for table `absence_info`
--

DROP TABLE IF EXISTS `absence_info`;
CREATE TABLE IF NOT EXISTS `absence_info` (
  `class_id_fk` int(9) NOT NULL,
  `absence_student_id` int(9) DEFAULT NULL,
  `absence_status` varchar(255) DEFAULT NULL,
  `current_block` int(9) NOT NULL,
  `day` int(9) NOT NULL,
  `time_info` datetime DEFAULT NULL
) ENGINE=MyISAM DEFAULT CHARSET=latin1;

--
-- Dumping data for table `absence_info`
--

INSERT INTO `absence_info` (`class_id_fk`, `absence_student_id`, `absence_status`, `current_block`, `day`, `time_info`) VALUES
(6, 60, '1', 3, 3, '2019-04-24 09:31:14'),
(7, 105, '1', 3, 3, '2019-04-24 09:31:41'),
(8, 96, '1', 3, 3, '2019-04-24 09:32:35'),
(9, 60, '2', 3, 3, '2019-04-24 09:42:58'),
(10, 96, '2', 3, 3, '2019-04-24 09:44:41'),
(11, 96, '0', 4, 3, '2019-04-24 10:11:53'),
(11, 96, '0', 4, 3, '2019-04-24 10:11:53'),
(11, 96, '0', 4, 3, '2019-04-24 10:11:53'),
(12, 19, '0', 4, 3, '2019-04-24 10:12:16'),
(12, 96, '0', 4, 3, '2019-04-24 10:12:16'),
(13, 19, '0', 4, 3, '2019-04-24 10:12:43'),
(13, 60, '0', 4, 3, '2019-04-24 10:12:43'),
(15, 19, '0', 4, 3, '2019-04-24 10:22:25'),
(15, 60, '0', 4, 3, '2019-04-24 10:22:25'),
(15, 96, '0', 4, 3, '2019-04-24 10:22:25'),
(16, 19, '0', 4, 3, '2019-04-24 10:23:09'),
(16, 60, '0', 4, 3, '2019-04-24 10:23:09'),
(16, 96, '0', 4, 3, '2019-04-24 10:23:09'),
(17, 19, '0', 5, 3, '2019-04-24 11:23:05'),
(18, 60, '2', 3, 4, '2019-04-25 09:34:22'),
(18, 96, '0', 3, 4, '2019-04-25 09:34:22'),
(18, 116, '0', 3, 4, '2019-04-25 09:34:22'),
(18, 142, '0', 3, 4, '2019-04-25 09:34:22'),
(18, 162, '0', 3, 4, '2019-04-25 09:34:22'),
(18, 183, '0', 3, 4, '2019-04-25 09:34:22');

-- --------------------------------------------------------

--
-- Table structure for table `announcement`
--

DROP TABLE IF EXISTS `announcement`;
CREATE TABLE IF NOT EXISTS `announcement` (
  `announcement_id` int(11) NOT NULL AUTO_INCREMENT,
  `subject` longtext NOT NULL,
  `body` longtext NOT NULL,
  `approved` tinyint(4) NOT NULL,
  `timesent` int(11) NOT NULL,
  PRIMARY KEY (`announcement_id`)
) ENGINE=InnoDB AUTO_INCREMENT=9 DEFAULT CHARSET=utf8;

--
-- Dumping data for table `announcement`
--

INSERT INTO `announcement` (`announcement_id`, `subject`, `body`, `approved`, `timesent`) VALUES
(1, 'fdffddfgfd', 'fdgfdfgfddfgdfdfgd', 1, 1556008897),
(2, 'fffffffffffffff', 'fffffffffffffffffffff', 2, 1556008996),
(3, 'rwwttw', 'rrwwtwr', 1, 1556010850),
(4, '111111sadasdasdas', '111111sdsadasdsadasda', 0, 1556011174),
(5, 'Naslov neki', 'asdsadasdsadasda', 0, 1556011217),
(6, 'Naslov neki', 'asdsadasdsadasda', 0, 1556011300),
(7, 'Roditeljski', 'Roditeljski sasstanak ce se odrzati tad i tad.', 0, 1556011392),
(8, 'proba', '21egdsgsdgdsgs', 0, 1556011498);

-- --------------------------------------------------------

--
-- Table structure for table `announcement_data`
--

DROP TABLE IF EXISTS `announcement_data`;
CREATE TABLE IF NOT EXISTS `announcement_data` (
  `announcement_id` int(11) NOT NULL,
  `sender` int(11) NOT NULL,
  `target` int(11) NOT NULL
) ENGINE=InnoDB DEFAULT CHARSET=utf8;

--
-- Dumping data for table `announcement_data`
--

INSERT INTO `announcement_data` (`announcement_id`, `sender`, `target`) VALUES
(7, 211, 3),
(7, 211, 6),
(7, 211, 18),
(7, 211, 20),
(7, 211, 26),
(7, 211, 28),
(7, 211, 31),
(7, 211, 39),
(7, 211, 52),
(7, 211, 91),
(7, 211, 92),
(7, 211, 109),
(7, 211, 115),
(7, 211, 125),
(8, 211, 3),
(8, 211, 6),
(8, 211, 18),
(8, 211, 20),
(8, 211, 26),
(8, 211, 28),
(8, 211, 31),
(8, 211, 39),
(8, 211, 52),
(8, 211, 91),
(8, 211, 92),
(8, 211, 109),
(8, 211, 115),
(8, 211, 125),
(8, 211, 137),
(8, 211, 143),
(8, 211, 146),
(8, 211, 168),
(8, 211, 170),
(8, 211, 179),
(8, 211, 202);

-- --------------------------------------------------------

--
-- Table structure for table `blocks`
--

DROP TABLE IF EXISTS `blocks`;
CREATE TABLE IF NOT EXISTS `blocks` (
  `blocks_id` int(11) NOT NULL,
  `blockstart` int(11) NOT NULL,
  PRIMARY KEY (`blocks_id`)
) ENGINE=InnoDB DEFAULT CHARSET=utf8;

--
-- Dumping data for table `blocks`
--

INSERT INTO `blocks` (`blocks_id`, `blockstart`) VALUES
(1, 27000),
(2, 30000),
(3, 33600),
(4, 36600),
(5, 39600),
(6, 42600);

-- --------------------------------------------------------

--
-- Table structure for table `days`
--

DROP TABLE IF EXISTS `days`;
CREATE TABLE IF NOT EXISTS `days` (
  `days_id` int(11) NOT NULL,
  `name` varchar(45) NOT NULL,
  PRIMARY KEY (`days_id`)
) ENGINE=InnoDB DEFAULT CHARSET=utf8;

--
-- Dumping data for table `days`
--

INSERT INTO `days` (`days_id`, `name`) VALUES
(1, 'Monday'),
(2, 'Tuesday'),
(3, 'Wednesday'),
(4, 'Thursday'),
(5, 'Friday');

-- --------------------------------------------------------

--
-- Table structure for table `diary_of_teaching`
--

DROP TABLE IF EXISTS `diary_of_teaching`;
CREATE TABLE IF NOT EXISTS `diary_of_teaching` (
  `id` int(11) NOT NULL AUTO_INCREMENT,
  `class_info` varchar(1024) NOT NULL,
  `teacher_id` int(9) NOT NULL,
  PRIMARY KEY (`id`)
) ENGINE=MyISAM AUTO_INCREMENT=19 DEFAULT CHARSET=latin1;

--
-- Dumping data for table `diary_of_teaching`
--

INSERT INTO `diary_of_teaching` (`id`, `class_info`, `teacher_id`) VALUES
(5, 'ssdadsada', 203),
(6, 'Danas ne radimo nista', 203),
(7, 'asdas', 203),
(8, 'asdasd', 203),
(9, '', 203),
(10, 'jhjh', 203),
(11, 'asdasdas', 203),
(12, 'sdaasd', 203),
(13, 'dasassa', 203),
(14, 'asdasdasdada', 203),
(15, 'adssad', 203),
(16, 'Polinomi i razlomci\r\n', 203),
(17, 'asdasda', 203),
(18, 'Kontrolna vezba (polinomi i nizovi)!\r\n-- ko ne dodje, radi sledeci cas', 203);

-- --------------------------------------------------------

--
-- Table structure for table `directors`
--

DROP TABLE IF EXISTS `directors`;
CREATE TABLE IF NOT EXISTS `directors` (
  `directors_id` int(11) NOT NULL,
  PRIMARY KEY (`directors_id`)
) ENGINE=MyISAM DEFAULT CHARSET=utf8 COLLATE=utf8_unicode_ci;

--
-- Dumping data for table `directors`
--

INSERT INTO `directors` (`directors_id`) VALUES
(2);

-- --------------------------------------------------------

--
-- Table structure for table `grades`
--

DROP TABLE IF EXISTS `grades`;
CREATE TABLE IF NOT EXISTS `grades` (
  `value` int(11) NOT NULL,
  `subjects_id_fk` int(11) DEFAULT NULL,
  `students_id_fk` int(11) NOT NULL,
  `grade_type` int(11) NOT NULL,
  `semestar` int(11) NOT NULL,
  KEY `fk_grades_subjects1_idx` (`subjects_id_fk`),
  KEY `fk_grades_students1_idx` (`students_id_fk`),
  KEY `fk_grades_Grade_type1_idx` (`grade_type`),
  KEY `fk_grades_semestar1_idx` (`semestar`)
) ENGINE=InnoDB DEFAULT CHARSET=utf8;

--
-- Dumping data for table `grades`
--

INSERT INTO `grades` (`value`, `subjects_id_fk`, `students_id_fk`, `grade_type`, `semestar`) VALUES
(1, 6, 166, 4, 6),
(4, 2, 4, 3, 5),
(4, 11, 60, 4, 3),
(4, 10, 188, 3, 2),
(2, 7, 120, 4, 2),
(1, 8, 164, 4, 4),
(5, 9, 71, 3, 3),
(4, 5, 123, 1, 3),
(2, 2, 218, 2, 3),
(5, 5, 116, 4, 4),
(4, 6, 85, 3, 4),
(2, 10, 185, 4, 2),
(1, 3, 73, 1, 3),
(3, 3, 45, 2, 4),
(1, 8, 17, 3, 1),
(2, 3, 36, 3, 3),
(2, 9, 189, 4, 1),
(4, 4, 96, 1, 2),
(4, 3, 171, 2, 6),
(3, 1, 203, 4, 2),
(3, 8, 4, 1, 1),
(1, 4, 98, 1, 1),
(4, 3, 33, 4, 2),
(4, 10, 22, 4, 6),
(3, 3, 105, 4, 6),
(1, 2, 157, 2, 6),
(3, 2, 199, 4, 6),
(1, 1, 193, 1, 5),
(1, 1, 44, 2, 6),
(4, 2, 204, 4, 3),
(5, 7, 141, 3, 4),
(4, 10, 53, 4, 4),
(4, 9, 226, 1, 4),
(4, 5, 236, 3, 6),
(2, 11, 112, 4, 2),
(3, 3, 176, 2, 5),
(1, 9, 140, 2, 5),
(3, 6, 70, 2, 2),
(1, 1, 9, 4, 4),
(4, 8, 161, 3, 3),
(4, 8, 87, 2, 6),
(2, 7, 50, 3, 1),
(2, 10, 9, 4, 5),
(3, 3, 77, 1, 3),
(3, 5, 216, 4, 2),
(5, 6, 31, 2, 5),
(4, 3, 90, 4, 2),
(3, 11, 100, 2, 3),
(3, 1, 80, 2, 1),
(2, 1, 60, 1, 3),
(2, 2, 78, 1, 3),
(5, 5, 8, 4, 6),
(1, 10, 78, 1, 6),
(4, 4, 119, 1, 5),
(3, 10, 164, 2, 4),
(3, 7, 166, 4, 3),
(3, 4, 171, 1, 2),
(4, 4, 111, 4, 3),
(2, 4, 17, 3, 5),
(1, 3, 74, 3, 2),
(1, 3, 79, 4, 6),
(5, 10, 34, 3, 4),
(2, 10, 56, 3, 6),
(2, 1, 169, 4, 3),
(3, 5, 111, 1, 6),
(2, 5, 215, 1, 2),
(1, 2, 173, 3, 3),
(2, 7, 203, 1, 4),
(1, 10, 88, 2, 3),
(4, 8, 141, 1, 5),
(5, 10, 149, 1, 1),
(2, 11, 96, 2, 3),
(2, 10, 150, 4, 4),
(5, 6, 17, 2, 3),
(2, 7, 34, 2, 5),
(4, 2, 13, 2, 2),
(4, 11, 220, 4, 4),
(5, 8, 211, 2, 4),
(1, 2, 203, 3, 2),
(2, 9, 197, 2, 1),
(2, 5, 124, 2, 6),
(3, 2, 166, 4, 6),
(5, 1, 98, 3, 5),
(4, 9, 44, 3, 5),
(1, 8, 93, 1, 5),
(2, 9, 70, 4, 5),
(1, 3, 203, 4, 1),
(2, 6, 87, 1, 3),
(3, 11, 202, 2, 5),
(2, 2, 90, 2, 6),
(3, 11, 194, 3, 3),
(2, 3, 172, 4, 1),
(5, 9, 222, 1, 5),
(3, 5, 66, 4, 6),
(2, 1, 95, 2, 6),
(5, 1, 84, 1, 2),
(1, 1, 193, 1, 4),
(2, 9, 50, 2, 6),
(3, 10, 202, 1, 6),
(2, 3, 133, 3, 6),
(3, 6, 123, 3, 4),
(3, 10, 25, 4, 2),
(2, 7, 95, 3, 3),
(2, 7, 139, 3, 6),
(5, 4, 228, 1, 5),
(2, 11, 182, 2, 6),
(2, 3, 59, 2, 5),
(5, 2, 95, 2, 1),
(5, 4, 97, 2, 6),
(2, 7, 111, 3, 5),
(1, 7, 168, 4, 4),
(4, 10, 149, 2, 5),
(5, 7, 222, 4, 3),
(3, 7, 143, 2, 6),
(3, 5, 79, 3, 3),
(3, 8, 123, 1, 5),
(4, 4, 102, 3, 6),
(5, 10, 23, 3, 1),
(5, 4, 82, 1, 5),
(1, 6, 179, 3, 6),
(5, 2, 155, 3, 4),
(2, 11, 122, 2, 3),
(5, 7, 183, 4, 6),
(3, 1, 130, 2, 4),
(3, 11, 102, 1, 1),
(5, 6, 151, 1, 6),
(1, 7, 106, 1, 3),
(1, 7, 232, 2, 5),
(2, 2, 170, 4, 4),
(5, 7, 198, 2, 4),
(2, 6, 159, 4, 3),
(1, 9, 67, 4, 3),
(3, 2, 141, 3, 3),
(2, 2, 191, 3, 1),
(2, 7, 95, 2, 6),
(4, 8, 138, 4, 1),
(4, 5, 36, 4, 4),
(4, 6, 118, 1, 1),
(4, 5, 140, 3, 6),
(1, 3, 39, 3, 4),
(1, 2, 133, 1, 3),
(2, 8, 90, 1, 1),
(1, 4, 135, 1, 6),
(4, 5, 224, 4, 2),
(1, 1, 136, 3, 1),
(1, 11, 205, 2, 5),
(2, 5, 136, 4, 6),
(3, 8, 77, 1, 3),
(2, 7, 169, 2, 5),
(5, 2, 93, 4, 6),
(1, 3, 9, 4, 6),
(2, 2, 94, 1, 6),
(3, 4, 125, 3, 1),
(3, 3, 183, 4, 4),
(1, 3, 142, 4, 6),
(1, 6, 49, 4, 3),
(4, 8, 43, 3, 4),
(3, 5, 121, 2, 5),
(5, 11, 99, 2, 4),
(2, 2, 19, 2, 4),
(2, 3, 201, 1, 2),
(1, 4, 88, 3, 1),
(2, 8, 115, 4, 2),
(3, 3, 135, 3, 1),
(5, 1, 51, 4, 3),
(5, 8, 188, 3, 3),
(5, 11, 41, 4, 2),
(2, 4, 94, 1, 4),
(3, 11, 213, 4, 5),
(1, 7, 89, 1, 3),
(1, 2, 15, 2, 6),
(4, 5, 1, 1, 1),
(5, 3, 139, 2, 4),
(3, 7, 12, 3, 1),
(2, 6, 17, 1, 3),
(3, 8, 167, 1, 2),
(1, 1, 222, 4, 6),
(2, 10, 234, 3, 6),
(2, 10, 99, 4, 1),
(5, 2, 224, 1, 2),
(2, 11, 191, 1, 3),
(2, 7, 113, 4, 4),
(4, 11, 44, 1, 1),
(3, 3, 227, 3, 6),
(3, 7, 144, 4, 2),
(3, 7, 6, 3, 4),
(4, 1, 86, 2, 1),
(3, 3, 200, 3, 3),
(2, 10, 130, 3, 1),
(3, 11, 66, 2, 2),
(4, 4, 18, 2, 3),
(3, 8, 82, 4, 4),
(1, 8, 125, 2, 3),
(4, 2, 195, 1, 6),
(2, 10, 183, 3, 5),
(4, 2, 17, 4, 2),
(3, 6, 69, 4, 2),
(2, 2, 177, 3, 4),
(5, 9, 5, 1, 2),
(1, 11, 8, 3, 1),
(1, 5, 232, 3, 1),
(4, 3, 168, 2, 4),
(3, 6, 36, 2, 3),
(5, 6, 45, 4, 4),
(1, 3, 61, 3, 6),
(3, 9, 96, 2, 3),
(4, 6, 148, 4, 5),
(3, 8, 112, 1, 3),
(5, 6, 223, 3, 3),
(1, 9, 115, 2, 2),
(1, 5, 95, 3, 6),
(1, 8, 43, 2, 6),
(4, 10, 102, 2, 4),
(2, 11, 2, 4, 1),
(3, 8, 120, 3, 6),
(3, 8, 172, 2, 3),
(5, 6, 61, 3, 4),
(4, 4, 143, 3, 6),
(1, 7, 160, 3, 2),
(2, 5, 111, 4, 4),
(5, 9, 209, 3, 2),
(1, 3, 110, 3, 1),
(3, 8, 38, 1, 3),
(4, 5, 140, 3, 2),
(3, 4, 236, 3, 2),
(2, 5, 55, 2, 2),
(4, 9, 163, 2, 5),
(4, 10, 76, 3, 6),
(5, 2, 157, 3, 6),
(3, 9, 112, 2, 1),
(4, 3, 47, 1, 4),
(5, 3, 193, 4, 2),
(4, 3, 63, 1, 4),
(5, 11, 176, 4, 4),
(2, 7, 146, 1, 5),
(2, 6, 12, 3, 5),
(5, 5, 54, 4, 2),
(5, 6, 132, 1, 5),
(4, 11, 82, 4, 5),
(3, 9, 2, 3, 5),
(2, 3, 77, 1, 1),
(3, 8, 79, 3, 1),
(5, 1, 166, 1, 2),
(5, 9, 86, 4, 3),
(1, 8, 175, 4, 4),
(2, 7, 129, 4, 4),
(1, 10, 131, 4, 4),
(2, 3, 206, 3, 2),
(1, 5, 32, 3, 4),
(5, 4, 18, 4, 4),
(4, 5, 66, 1, 4),
(3, 5, 83, 3, 6),
(2, 7, 16, 1, 2),
(4, 1, 181, 2, 4),
(1, 1, 110, 3, 3),
(5, 8, 64, 2, 1),
(4, 7, 203, 2, 4),
(4, 3, 111, 3, 1),
(1, 1, 168, 4, 4),
(1, 3, 198, 1, 3),
(1, 4, 210, 2, 1),
(3, 5, 61, 3, 4),
(5, 4, 230, 3, 6),
(3, 7, 137, 2, 3),
(5, 11, 183, 2, 6),
(2, 4, 103, 3, 6),
(1, 10, 167, 1, 6),
(3, 9, 63, 1, 4),
(4, 7, 97, 4, 6),
(1, 6, 189, 4, 5),
(4, 8, 27, 2, 2),
(3, 10, 116, 4, 1),
(1, 9, 20, 2, 1),
(1, 10, 126, 3, 3),
(2, 3, 52, 2, 5),
(5, 1, 180, 1, 2),
(3, 7, 138, 1, 6),
(1, 9, 29, 3, 4),
(1, 1, 227, 2, 1),
(5, 3, 154, 3, 4),
(5, 6, 9, 4, 4),
(5, 1, 18, 2, 2),
(5, 3, 215, 1, 6),
(5, 10, 228, 1, 3),
(5, 10, 223, 3, 6),
(5, 3, 161, 2, 5),
(3, 6, 206, 1, 1),
(2, 4, 88, 4, 4),
(2, 9, 233, 2, 2),
(4, 8, 87, 2, 2),
(3, 11, 200, 1, 6),
(2, 7, 87, 1, 6),
(4, 9, 20, 3, 6),
(4, 5, 71, 2, 2),
(3, 8, 82, 4, 2),
(1, 11, 226, 1, 5),
(5, 8, 161, 3, 3),
(1, 8, 91, 3, 1),
(5, 10, 228, 4, 6),
(1, 8, 110, 1, 2),
(4, 10, 125, 2, 1),
(5, 6, 184, 3, 4),
(5, 11, 54, 1, 1),
(5, 9, 161, 4, 4),
(5, 7, 161, 3, 2),
(1, 2, 131, 1, 1),
(3, 4, 147, 3, 4),
(5, 6, 58, 2, 3),
(3, 7, 70, 4, 6),
(5, 1, 222, 3, 6),
(3, 5, 138, 2, 6),
(5, 11, 56, 4, 5),
(2, 11, 175, 4, 4),
(2, 1, 40, 3, 1),
(1, 7, 237, 3, 6),
(4, 4, 98, 3, 2),
(3, 10, 24, 4, 2),
(3, 2, 115, 4, 4),
(3, 4, 206, 3, 4),
(5, 10, 123, 1, 4),
(5, 10, 57, 3, 1),
(1, 1, 95, 1, 1),
(4, 9, 234, 2, 4),
(4, 1, 144, 3, 1),
(5, 4, 82, 4, 1),
(1, 1, 223, 2, 4),
(2, 1, 88, 4, 2),
(3, 11, 109, 2, 6),
(3, 6, 150, 1, 4),
(4, 7, 68, 1, 4),
(4, 10, 162, 4, 3),
(2, 10, 131, 1, 5),
(2, 11, 151, 3, 4),
(5, 1, 165, 4, 2),
(3, 9, 16, 1, 6),
(4, 7, 178, 1, 3),
(4, 10, 122, 2, 5),
(5, 6, 143, 3, 4),
(5, 11, 24, 2, 1),
(2, 10, 81, 1, 2),
(3, 3, 167, 2, 6),
(3, 3, 197, 2, 3),
(3, 10, 86, 2, 6),
(4, 4, 64, 1, 6),
(2, 11, 164, 2, 3),
(2, 10, 48, 3, 3),
(4, 9, 165, 4, 5),
(5, 10, 225, 4, 3),
(1, 1, 38, 1, 6),
(2, 4, 204, 4, 4),
(3, 10, 59, 3, 1),
(5, 3, 133, 2, 6),
(1, 8, 235, 1, 2),
(4, 7, 165, 2, 1),
(4, 6, 77, 3, 1),
(5, 9, 146, 1, 5),
(1, 1, 101, 4, 6),
(4, 9, 78, 1, 2),
(1, 5, 176, 1, 2),
(2, 11, 90, 2, 5),
(4, 10, 168, 4, 6),
(5, 7, 153, 3, 4),
(3, 3, 215, 1, 1),
(3, 1, 120, 3, 2),
(2, 6, 220, 2, 6),
(4, 4, 105, 3, 2),
(1, 8, 208, 1, 2),
(5, 2, 91, 2, 4),
(4, 10, 155, 3, 6),
(3, 11, 132, 4, 2),
(2, 8, 136, 2, 4),
(1, 2, 101, 1, 6),
(2, 10, 23, 4, 3),
(2, 10, 208, 1, 1),
(2, 7, 3, 4, 3),
(2, 10, 218, 3, 4),
(1, 1, 20, 3, 2),
(4, 5, 79, 1, 3),
(2, 4, 156, 1, 4),
(2, 5, 52, 1, 5),
(3, 2, 99, 3, 5),
(4, 3, 38, 2, 3),
(4, 6, 235, 2, 1),
(4, 6, 9, 4, 2),
(2, 9, 171, 1, 3),
(3, 1, 146, 1, 2),
(3, 11, 218, 3, 6),
(5, 11, 58, 1, 4),
(1, 7, 231, 3, 5),
(5, 7, 91, 2, 4),
(2, 11, 32, 3, 1),
(1, 6, 25, 3, 5),
(2, 4, 218, 1, 6),
(3, 6, 7, 2, 6),
(3, 2, 163, 3, 2),
(3, 6, 146, 1, 3),
(1, 11, 108, 1, 1),
(5, 9, 130, 2, 2),
(5, 1, 213, 3, 6),
(1, 4, 93, 3, 1),
(2, 4, 65, 2, 4),
(1, 2, 18, 4, 2),
(2, 10, 186, 1, 1),
(1, 5, 111, 3, 1),
(3, 7, 21, 3, 5),
(4, 6, 208, 3, 4),
(3, 4, 13, 3, 6),
(4, 11, 149, 4, 4),
(5, 1, 134, 4, 5),
(1, 6, 76, 4, 2),
(3, 4, 182, 1, 3),
(4, 9, 156, 4, 4),
(5, 1, 120, 4, 1),
(4, 6, 73, 3, 3),
(5, 7, 159, 2, 1),
(4, 6, 85, 3, 4),
(4, 7, 38, 1, 4),
(2, 3, 119, 2, 1),
(3, 6, 119, 3, 2),
(5, 4, 81, 1, 4),
(2, 3, 103, 2, 4),
(3, 11, 238, 4, 2),
(1, 3, 15, 4, 1),
(5, 10, 199, 4, 4),
(1, 3, 202, 4, 6),
(3, 5, 213, 4, 5),
(4, 7, 159, 3, 2),
(1, 8, 73, 2, 3),
(2, 1, 16, 3, 1),
(1, 10, 118, 3, 1),
(2, 5, 221, 2, 2),
(5, 3, 7, 4, 4),
(1, 3, 31, 3, 3),
(3, 11, 4, 1, 5),
(5, 1, 209, 2, 6),
(5, 10, 108, 3, 4),
(2, 1, 94, 4, 1),
(4, 9, 7, 3, 1),
(5, 1, 100, 2, 3),
(3, 7, 28, 1, 5),
(3, 4, 56, 2, 2),
(2, 5, 94, 3, 2),
(1, 3, 3, 3, 1),
(3, 3, 8, 4, 6),
(3, 9, 186, 4, 6),
(4, 9, 180, 1, 4),
(4, 9, 162, 2, 1),
(5, 10, 21, 2, 6),
(2, 9, 164, 2, 2),
(1, 1, 209, 2, 3),
(2, 3, 109, 4, 3),
(1, 11, 119, 4, 5),
(1, 8, 177, 2, 4),
(2, 9, 91, 1, 2),
(1, 11, 137, 4, 2),
(4, 5, 211, 3, 5),
(4, 9, 183, 2, 6),
(1, 1, 98, 1, 3),
(1, 7, 187, 2, 1),
(3, 9, 63, 1, 2),
(5, 2, 171, 3, 2),
(3, 11, 138, 3, 2),
(2, 2, 164, 4, 5),
(3, 11, 165, 2, 1),
(4, 8, 163, 3, 5),
(4, 11, 101, 1, 4),
(1, 1, 13, 2, 4),
(5, 10, 96, 2, 4),
(4, 2, 20, 4, 4),
(2, 1, 39, 1, 6),
(2, 8, 211, 3, 4),
(3, 10, 77, 3, 6),
(3, 10, 13, 1, 1),
(3, 2, 111, 4, 3),
(3, 10, 90, 1, 6),
(3, 1, 201, 3, 1),
(1, 5, 220, 1, 2),
(2, 3, 66, 1, 6),
(5, 9, 95, 4, 5),
(1, 7, 86, 1, 1),
(1, 5, 188, 4, 4),
(5, 2, 171, 4, 6),
(2, 5, 46, 2, 3),
(1, 8, 11, 4, 2),
(5, 3, 170, 1, 6),
(5, 1, 4, 4, 3),
(5, 2, 43, 2, 6),
(3, 6, 178, 1, 5),
(4, 11, 148, 2, 1),
(5, 8, 211, 2, 5),
(4, 2, 28, 1, 5),
(3, 3, 116, 4, 3),
(2, 11, 219, 1, 1),
(5, 1, 2, 4, 1),
(2, 4, 144, 3, 4),
(4, 5, 71, 4, 4),
(1, 10, 135, 1, 2),
(4, 4, 239, 4, 4),
(1, 10, 223, 3, 1),
(3, 10, 39, 2, 5),
(2, 1, 81, 4, 2),
(3, 11, 146, 2, 6),
(4, 2, 11, 2, 5),
(4, 11, 45, 4, 3),
(2, 2, 104, 4, 6),
(3, 10, 204, 2, 6),
(2, 6, 195, 4, 1),
(5, 6, 67, 4, 1),
(2, 4, 35, 2, 1),
(5, 2, 26, 3, 5),
(2, 7, 36, 2, 1),
(2, 6, 144, 3, 2),
(1, 8, 174, 2, 1),
(2, 10, 25, 3, 6),
(2, 8, 22, 4, 6),
(5, 6, 188, 3, 5),
(3, 10, 126, 3, 5),
(3, 8, 184, 4, 6),
(5, 9, 42, 2, 4),
(2, 9, 95, 3, 1),
(4, 11, 211, 3, 3),
(3, 3, 156, 1, 5),
(2, 7, 227, 3, 5),
(4, 7, 153, 3, 5),
(5, 11, 229, 1, 2),
(1, 2, 73, 1, 3),
(4, 2, 13, 4, 6),
(5, 2, 180, 3, 4),
(3, 5, 207, 1, 6),
(2, 5, 32, 1, 2),
(3, 5, 153, 3, 1),
(3, 1, 12, 2, 5),
(3, 7, 110, 4, 4),
(3, 10, 197, 2, 6),
(3, 5, 76, 4, 2),
(2, 9, 81, 3, 1),
(4, 6, 184, 4, 3),
(1, 2, 172, 4, 5),
(3, 3, 199, 3, 5),
(3, 10, 215, 1, 3),
(2, 10, 39, 3, 6),
(2, 1, 4, 2, 6),
(3, 5, 45, 1, 6),
(3, 2, 172, 2, 2),
(1, 8, 212, 2, 5),
(2, 11, 219, 2, 1),
(5, 11, 114, 2, 5),
(2, 2, 156, 3, 2),
(1, 2, 171, 4, 1),
(5, 6, 22, 4, 4),
(1, 2, 206, 1, 2),
(5, 10, 92, 1, 1),
(2, 5, 218, 4, 2),
(2, 3, 103, 2, 1),
(4, 6, 204, 4, 2),
(3, 3, 196, 2, 4),
(2, 2, 205, 2, 5),
(1, 2, 209, 1, 2),
(4, 3, 7, 3, 2),
(1, 3, 230, 1, 6),
(5, 9, 227, 1, 3),
(5, 4, 83, 2, 5),
(3, 2, 60, 1, 3),
(1, 6, 125, 4, 2),
(4, 3, 223, 2, 4),
(4, 3, 82, 4, 2),
(2, 4, 87, 1, 6),
(3, 4, 101, 1, 1),
(2, 9, 165, 4, 1),
(4, 9, 119, 3, 2),
(5, 1, 71, 1, 1),
(3, 1, 64, 4, 3),
(5, 6, 147, 4, 1),
(1, 3, 61, 1, 5),
(1, 1, 138, 3, 3),
(5, 7, 229, 1, 3),
(4, 5, 189, 4, 3),
(3, 7, 224, 2, 2),
(3, 6, 237, 2, 6),
(5, 8, 17, 1, 5),
(4, 2, 93, 4, 6),
(5, 5, 92, 3, 1),
(5, 6, 51, 1, 4),
(5, 1, 148, 2, 2),
(4, 5, 135, 3, 4),
(4, 5, 176, 4, 1),
(5, 2, 21, 2, 6),
(4, 5, 103, 3, 2),
(5, 3, 142, 2, 2),
(1, 3, 149, 4, 1),
(5, 6, 70, 3, 5),
(3, 1, 232, 1, 2),
(1, 4, 91, 4, 5),
(4, 4, 220, 3, 5),
(1, 9, 158, 2, 2),
(5, 11, 9, 1, 4),
(3, 3, 157, 2, 2),
(3, 5, 157, 4, 1),
(4, 4, 105, 1, 5),
(3, 7, 92, 2, 5),
(5, 8, 203, 1, 3),
(3, 1, 121, 4, 1),
(2, 10, 94, 1, 6),
(3, 9, 50, 3, 6),
(1, 2, 213, 3, 6),
(2, 9, 181, 2, 3),
(2, 1, 122, 3, 2),
(2, 6, 132, 2, 1),
(1, 1, 169, 3, 5),
(2, 11, 121, 2, 6),
(3, 8, 39, 4, 5),
(3, 7, 102, 4, 1),
(5, 9, 3, 1, 4),
(1, 11, 229, 2, 3),
(5, 5, 44, 3, 4),
(5, 8, 21, 1, 1),
(5, 2, 100, 1, 4),
(5, 8, 89, 1, 3),
(2, 9, 198, 3, 1),
(2, 2, 188, 2, 2),
(2, 7, 98, 3, 2),
(1, 2, 76, 2, 1),
(2, 4, 58, 1, 6),
(4, 9, 132, 4, 6),
(4, 2, 23, 1, 4),
(4, 3, 235, 2, 1),
(1, 3, 23, 1, 1),
(4, 1, 17, 2, 6),
(3, 1, 215, 4, 6),
(4, 8, 64, 2, 6),
(5, 6, 89, 3, 5),
(2, 11, 116, 4, 5),
(3, 11, 145, 1, 6),
(1, 11, 112, 4, 6),
(2, 10, 113, 2, 4),
(1, 11, 29, 2, 5),
(4, 4, 224, 2, 3),
(4, 1, 195, 2, 4),
(1, 2, 146, 2, 2),
(2, 9, 214, 4, 1),
(3, 3, 42, 1, 3),
(2, 5, 159, 4, 3),
(3, 4, 207, 1, 4),
(3, 4, 141, 4, 6),
(1, 11, 35, 3, 3),
(2, 4, 4, 1, 1),
(3, 5, 161, 2, 5),
(5, 8, 148, 2, 1),
(1, 1, 234, 1, 5),
(5, 1, 111, 1, 4),
(1, 5, 159, 4, 2),
(3, 9, 118, 3, 4),
(4, 4, 215, 4, 4),
(1, 6, 51, 4, 2),
(3, 6, 169, 4, 6),
(5, 11, 214, 1, 1),
(5, 4, 14, 1, 4),
(2, 9, 149, 4, 2),
(2, 8, 164, 3, 1),
(4, 4, 23, 2, 4),
(1, 7, 37, 2, 2),
(3, 9, 113, 2, 4),
(2, 5, 98, 4, 1),
(1, 5, 49, 4, 6),
(5, 5, 238, 3, 4),
(3, 7, 110, 4, 6),
(1, 1, 9, 1, 4),
(1, 6, 138, 2, 3),
(3, 3, 76, 4, 3),
(3, 4, 215, 1, 6),
(3, 9, 147, 1, 6),
(4, 5, 101, 4, 5),
(2, 3, 218, 2, 2),
(3, 2, 130, 1, 3),
(2, 10, 105, 3, 1),
(5, 6, 114, 2, 5),
(1, 7, 185, 4, 3),
(2, 9, 31, 2, 6),
(1, 7, 227, 2, 1),
(4, 11, 61, 4, 3),
(2, 2, 199, 2, 3),
(5, 6, 126, 2, 2),
(2, 6, 126, 2, 6),
(5, 6, 120, 3, 4),
(4, 10, 97, 3, 5),
(3, 9, 205, 4, 4),
(4, 2, 215, 1, 2),
(3, 7, 118, 1, 6),
(4, 3, 160, 2, 1),
(5, 6, 20, 4, 2),
(3, 1, 49, 4, 2),
(2, 2, 196, 2, 4),
(2, 9, 32, 3, 6),
(2, 4, 92, 1, 3),
(2, 5, 123, 2, 2),
(3, 1, 85, 2, 5),
(5, 7, 8, 4, 2),
(3, 2, 186, 1, 4),
(4, 6, 175, 2, 2),
(2, 9, 74, 3, 4),
(5, 11, 225, 2, 5),
(5, 11, 22, 4, 5),
(3, 10, 8, 3, 2),
(4, 7, 200, 2, 5),
(2, 4, 162, 2, 5),
(1, 9, 183, 2, 2),
(1, 1, 129, 3, 5),
(2, 5, 174, 3, 5),
(5, 5, 122, 4, 3),
(1, 10, 187, 1, 6),
(4, 1, 76, 3, 4),
(5, 11, 180, 4, 5),
(4, 7, 212, 2, 4),
(3, 6, 229, 3, 5),
(5, 1, 16, 3, 4),
(5, 4, 139, 1, 1),
(5, 3, 158, 2, 4),
(2, 3, 67, 1, 5),
(2, 11, 26, 3, 3),
(5, 2, 76, 1, 3),
(5, 4, 187, 3, 2),
(5, 4, 46, 4, 4),
(2, 11, 225, 1, 1),
(4, 2, 98, 1, 2),
(5, 10, 232, 4, 2),
(3, 11, 197, 4, 6),
(2, 11, 26, 1, 5),
(2, 8, 19, 2, 2),
(4, 9, 16, 2, 1),
(2, 1, 114, 1, 2),
(1, 7, 41, 1, 6),
(1, 1, 214, 2, 4),
(1, 10, 234, 1, 4),
(2, 1, 125, 3, 4),
(1, 11, 150, 3, 6),
(2, 9, 92, 1, 3),
(2, 6, 10, 2, 6),
(4, 2, 1, 4, 4),
(3, 2, 189, 1, 3),
(5, 9, 79, 1, 4),
(3, 7, 5, 4, 5),
(5, 11, 93, 1, 3),
(4, 8, 201, 3, 3),
(4, 8, 91, 3, 5),
(5, 3, 126, 4, 1),
(1, 7, 24, 2, 6),
(1, 10, 179, 3, 2),
(2, 11, 15, 2, 2),
(1, 3, 42, 4, 4),
(3, 2, 92, 3, 3),
(5, 1, 95, 1, 5),
(3, 6, 114, 2, 2),
(1, 4, 170, 4, 1),
(3, 9, 68, 4, 5),
(2, 1, 236, 1, 2),
(5, 5, 29, 2, 5),
(1, 11, 127, 2, 6),
(2, 5, 188, 1, 1),
(2, 3, 150, 2, 6),
(4, 2, 104, 3, 4),
(3, 9, 233, 3, 2),
(4, 6, 187, 1, 5),
(1, 3, 222, 3, 6),
(4, 3, 222, 1, 5),
(3, 9, 232, 2, 2),
(2, 1, 73, 1, 2),
(1, 8, 114, 4, 3),
(5, 7, 224, 1, 3),
(1, 10, 16, 4, 3),
(4, 11, 212, 3, 2),
(5, 1, 146, 1, 5),
(2, 6, 60, 1, 5),
(2, 4, 192, 1, 1),
(4, 2, 191, 3, 1),
(3, 4, 47, 1, 6),
(5, 5, 150, 2, 1),
(4, 7, 27, 4, 5),
(3, 7, 225, 3, 2),
(2, 2, 145, 1, 1),
(1, 6, 21, 2, 5),
(3, 10, 110, 2, 4),
(5, 10, 54, 1, 2),
(5, 8, 1, 2, 2),
(5, 6, 171, 4, 4),
(4, 5, 6, 4, 3),
(5, 5, 112, 2, 5),
(4, 2, 99, 3, 3),
(2, 6, 35, 1, 3),
(2, 2, 191, 3, 2),
(2, 3, 205, 4, 2),
(5, 10, 181, 4, 1),
(4, 10, 214, 4, 4),
(2, 8, 213, 4, 1),
(1, 11, 102, 4, 3),
(4, 8, 24, 1, 6),
(2, 5, 15, 1, 2),
(5, 11, 213, 3, 1),
(2, 1, 160, 1, 1),
(4, 10, 28, 3, 6),
(1, 7, 134, 2, 3),
(4, 5, 225, 3, 3),
(2, 5, 16, 4, 1),
(2, 10, 198, 1, 4),
(4, 11, 65, 1, 6),
(2, 9, 124, 4, 3),
(2, 5, 192, 2, 6),
(2, 2, 10, 3, 3),
(3, 8, 230, 4, 2),
(5, 9, 30, 1, 3),
(1, 4, 28, 3, 4),
(1, 9, 23, 3, 5),
(3, 7, 154, 1, 4),
(3, 7, 167, 1, 3),
(1, 7, 93, 4, 4),
(5, 9, 197, 1, 4),
(4, 7, 46, 3, 6),
(2, 1, 127, 1, 3),
(5, 3, 133, 3, 3),
(3, 8, 227, 4, 2),
(3, 7, 58, 1, 2),
(2, 4, 55, 3, 4),
(3, 5, 140, 4, 6),
(3, 9, 26, 1, 2),
(3, 6, 179, 3, 6),
(5, 2, 10, 4, 3),
(1, 3, 180, 3, 2),
(2, 2, 133, 3, 4),
(4, 1, 132, 2, 1),
(4, 4, 235, 4, 3),
(5, 6, 239, 2, 1),
(1, 4, 235, 2, 5),
(2, 10, 88, 4, 4),
(4, 5, 96, 4, 5),
(3, 7, 201, 4, 2),
(3, 7, 70, 2, 6),
(4, 9, 217, 4, 2),
(1, 7, 129, 3, 4),
(5, 5, 73, 1, 4),
(5, 9, 179, 2, 3),
(4, 7, 151, 3, 2),
(2, 2, 23, 2, 4),
(1, 5, 106, 4, 5),
(5, 1, 72, 1, 5),
(2, 10, 60, 3, 5),
(5, 4, 96, 2, 5),
(4, 5, 231, 3, 2),
(4, 10, 151, 2, 4),
(4, 7, 192, 4, 4),
(2, 9, 24, 4, 4),
(1, 8, 189, 3, 5),
(5, 6, 126, 3, 1),
(1, 9, 225, 1, 2),
(2, 8, 11, 1, 3),
(4, 8, 6, 4, 2),
(2, 10, 238, 1, 3),
(4, 7, 169, 4, 4),
(2, 6, 131, 4, 2),
(4, 6, 130, 1, 6),
(4, 8, 75, 1, 6),
(1, 6, 145, 1, 1),
(4, 2, 133, 2, 3),
(5, 7, 57, 3, 1),
(1, 6, 169, 1, 1),
(4, 4, 17, 2, 4),
(2, 6, 105, 1, 4),
(3, 1, 145, 1, 6),
(2, 1, 3, 2, 2),
(3, 2, 140, 1, 5),
(5, 2, 11, 1, 6),
(3, 11, 19, 3, 3),
(5, 11, 191, 3, 2),
(5, 9, 148, 2, 3),
(3, 10, 133, 4, 4),
(1, 10, 211, 2, 2),
(2, 7, 10, 2, 5),
(3, 10, 179, 4, 3),
(1, 5, 163, 1, 3),
(2, 2, 11, 3, 6),
(3, 8, 223, 2, 4),
(1, 10, 207, 3, 2),
(4, 8, 66, 3, 4),
(4, 10, 180, 1, 2),
(2, 7, 136, 1, 5),
(5, 9, 204, 2, 3),
(5, 4, 127, 1, 5),
(2, 3, 171, 4, 2),
(3, 9, 14, 2, 6),
(3, 4, 139, 2, 1),
(1, 5, 93, 2, 3),
(4, 7, 45, 3, 6),
(4, 6, 166, 3, 6),
(5, 9, 153, 3, 6),
(2, 5, 86, 1, 1),
(1, 7, 172, 4, 6),
(5, 4, 55, 3, 4),
(5, 2, 106, 1, 5),
(2, 9, 216, 4, 4),
(5, 1, 165, 2, 1),
(2, 11, 126, 3, 3),
(4, 10, 105, 1, 5),
(1, 5, 14, 1, 1),
(1, 3, 29, 2, 5),
(4, 2, 22, 1, 3),
(2, 8, 213, 4, 5),
(4, 10, 26, 4, 4),
(2, 8, 12, 4, 5),
(1, 4, 174, 3, 2),
(2, 2, 187, 1, 1),
(1, 6, 119, 1, 4),
(1, 5, 33, 1, 4),
(4, 5, 47, 3, 5),
(5, 9, 17, 3, 2),
(5, 4, 137, 4, 4),
(5, 8, 172, 1, 5),
(4, 9, 121, 2, 3),
(1, 9, 63, 1, 5),
(2, 7, 95, 4, 3),
(1, 6, 8, 3, 6),
(5, 6, 108, 4, 6),
(1, 10, 115, 4, 4),
(1, 7, 102, 3, 5),
(1, 3, 153, 1, 6),
(3, 11, 66, 2, 1),
(1, 4, 67, 1, 3),
(2, 8, 229, 1, 4),
(5, 6, 240, 4, 1),
(2, 11, 134, 4, 6),
(4, 4, 89, 1, 3),
(3, 8, 152, 2, 2),
(3, 5, 36, 4, 6),
(2, 6, 138, 3, 6),
(5, 11, 12, 3, 4),
(5, 1, 214, 3, 6),
(5, 3, 228, 3, 5),
(4, 11, 84, 3, 1),
(2, 11, 134, 2, 5),
(1, 10, 127, 3, 4),
(5, 5, 109, 1, 6),
(4, 9, 35, 4, 5),
(5, 3, 56, 3, 3),
(3, 1, 199, 3, 3),
(3, 2, 48, 2, 3),
(2, 4, 84, 2, 3),
(2, 6, 5, 1, 3),
(3, 4, 174, 1, 4),
(2, 9, 192, 2, 1),
(2, 3, 214, 3, 6),
(3, 1, 19, 4, 6),
(5, 5, 9, 3, 3),
(4, 11, 43, 3, 5),
(5, 6, 51, 4, 2),
(5, 2, 82, 3, 6),
(2, 1, 209, 2, 1),
(3, 9, 29, 4, 3),
(4, 1, 229, 2, 1),
(2, 3, 13, 4, 4),
(2, 2, 164, 4, 6),
(4, 10, 213, 3, 6),
(5, 4, 183, 3, 3),
(5, 9, 48, 3, 4),
(2, 8, 205, 3, 1),
(4, 4, 45, 1, 2),
(5, 5, 169, 2, 1),
(4, 8, 62, 3, 5),
(4, 2, 6, 4, 2),
(2, 11, 210, 1, 3),
(4, 10, 157, 2, 4),
(4, 9, 40, 1, 1),
(5, 4, 20, 3, 5),
(5, 3, 161, 1, 4),
(5, 3, 168, 2, 4),
(2, 6, 23, 3, 2),
(1, 6, 2, 2, 6),
(1, 5, 162, 1, 6),
(3, 11, 29, 2, 4),
(5, 1, 71, 3, 2),
(2, 2, 33, 3, 6),
(4, 2, 220, 4, 3),
(3, 6, 163, 4, 1),
(1, 11, 10, 1, 4),
(1, 6, 146, 1, 1),
(4, 11, 100, 2, 6),
(3, 6, 118, 2, 1),
(2, 6, 220, 4, 4),
(4, 8, 140, 4, 4),
(4, 9, 156, 4, 4),
(1, 6, 186, 4, 3),
(2, 3, 227, 2, 4),
(5, 5, 110, 1, 6),
(1, 4, 171, 4, 5),
(1, 11, 114, 3, 5),
(5, 10, 25, 4, 2),
(4, 1, 170, 4, 5),
(5, 2, 44, 4, 4),
(2, 7, 232, 4, 2),
(1, 2, 209, 1, 4),
(4, 6, 124, 2, 4),
(4, 2, 57, 2, 6),
(3, 11, 44, 3, 4),
(4, 8, 28, 4, 3),
(3, 6, 69, 2, 1),
(5, 5, 64, 1, 1),
(2, 2, 219, 2, 1),
(4, 2, 85, 2, 1),
(1, 1, 99, 3, 1),
(3, 1, 62, 3, 2),
(3, 6, 121, 1, 1),
(1, 4, 41, 2, 1),
(1, 2, 51, 2, 1),
(5, 10, 235, 2, 2),
(5, 4, 17, 3, 2),
(1, 4, 112, 3, 1),
(4, 9, 145, 1, 2),
(4, 6, 91, 3, 2),
(1, 5, 189, 1, 1),
(3, 1, 196, 3, 2),
(3, 2, 102, 3, 1),
(2, 11, 57, 1, 1),
(1, 9, 234, 1, 2),
(2, 3, 72, 1, 1),
(2, 5, 175, 2, 1),
(5, 3, 40, 2, 1),
(4, 11, 11, 1, 2),
(2, 10, 158, 2, 2),
(2, 10, 228, 3, 2),
(2, 8, 136, 1, 1),
(1, 7, 203, 2, 1),
(1, 11, 128, 3, 1),
(5, 11, 3, 2, 2),
(4, 8, 18, 1, 2),
(5, 8, 109, 1, 1),
(5, 2, 218, 3, 2),
(4, 6, 236, 1, 1),
(3, 3, 101, 2, 1),
(2, 10, 163, 2, 2),
(5, 7, 93, 1, 2),
(5, 9, 193, 3, 2),
(5, 5, 71, 2, 1),
(4, 10, 120, 1, 1),
(4, 8, 2, 1, 2),
(3, 4, 59, 1, 1),
(4, 2, 123, 1, 1),
(2, 1, 114, 1, 1),
(1, 7, 238, 3, 1),
(1, 9, 139, 3, 1),
(5, 8, 214, 2, 1),
(2, 1, 146, 1, 1),
(5, 7, 164, 2, 1),
(2, 8, 215, 2, 1),
(4, 8, 18, 2, 1),
(4, 7, 227, 1, 2),
(3, 7, 29, 1, 1),
(1, 11, 122, 3, 1),
(4, 4, 90, 1, 1),
(5, 3, 146, 2, 1),
(5, 10, 133, 3, 2),
(2, 2, 212, 1, 2),
(3, 9, 33, 1, 2),
(1, 4, 187, 1, 1),
(3, 5, 108, 3, 2),
(1, 10, 183, 3, 1),
(4, 5, 52, 2, 1),
(5, 3, 13, 1, 1),
(2, 5, 142, 3, 1),
(2, 2, 1, 1, 1),
(1, 1, 62, 2, 2),
(5, 10, 23, 3, 1),
(3, 1, 25, 2, 2),
(3, 10, 223, 1, 2),
(2, 8, 157, 1, 2),
(3, 7, 76, 2, 2),
(1, 5, 229, 2, 1),
(1, 6, 85, 3, 2),
(3, 5, 220, 3, 2),
(3, 3, 136, 2, 1),
(1, 10, 219, 1, 1),
(4, 4, 239, 3, 2),
(4, 9, 190, 3, 2),
(3, 4, 55, 2, 2),
(5, 1, 61, 3, 2),
(2, 8, 170, 2, 1),
(2, 10, 225, 2, 1),
(4, 10, 83, 3, 2),
(1, 6, 90, 3, 2),
(3, 4, 39, 1, 2),
(3, 8, 146, 1, 2),
(1, 5, 115, 3, 2),
(4, 11, 240, 3, 1),
(1, 2, 177, 3, 2),
(3, 6, 180, 1, 2),
(3, 11, 156, 1, 1),
(2, 6, 81, 2, 2),
(3, 6, 45, 3, 2),
(4, 1, 104, 3, 2),
(3, 11, 90, 3, 2),
(4, 9, 204, 3, 2),
(1, 3, 134, 2, 2),
(1, 2, 14, 3, 2),
(1, 5, 79, 3, 2),
(3, 11, 136, 2, 1),
(2, 1, 32, 1, 2),
(2, 7, 119, 3, 2),
(5, 9, 210, 3, 2),
(3, 4, 7, 1, 2),
(5, 10, 103, 2, 2),
(1, 9, 85, 1, 1),
(3, 6, 110, 3, 1),
(5, 2, 41, 3, 2),
(3, 5, 148, 2, 1),
(5, 10, 12, 2, 2),
(4, 8, 25, 3, 1),
(5, 11, 103, 1, 1),
(1, 2, 78, 2, 2),
(5, 5, 35, 1, 1),
(5, 9, 93, 2, 1),
(2, 10, 5, 2, 1),
(4, 5, 222, 3, 1),
(3, 7, 76, 1, 2),
(3, 11, 42, 1, 1),
(4, 3, 35, 3, 1),
(3, 10, 25, 1, 2),
(3, 1, 167, 2, 1),
(2, 8, 160, 1, 1),
(4, 3, 195, 1, 1),
(2, 6, 239, 2, 1),
(3, 8, 112, 1, 1),
(1, 1, 59, 1, 2),
(3, 7, 103, 2, 2),
(2, 4, 203, 3, 2),
(4, 9, 7, 3, 1),
(5, 4, 137, 1, 1),
(3, 10, 159, 3, 1),
(3, 2, 172, 1, 1),
(3, 9, 193, 2, 2),
(2, 1, 22, 3, 1),
(1, 3, 68, 1, 2),
(5, 6, 83, 1, 1),
(2, 6, 137, 2, 1),
(1, 4, 1, 1, 2),
(4, 5, 125, 1, 1),
(3, 4, 1, 2, 1),
(5, 2, 208, 1, 2),
(1, 11, 240, 1, 1),
(1, 8, 88, 1, 2),
(2, 8, 32, 3, 1),
(2, 11, 105, 2, 2),
(4, 4, 121, 2, 1),
(3, 9, 39, 1, 1),
(5, 10, 53, 1, 1),
(3, 1, 124, 3, 2),
(3, 8, 185, 2, 1),
(4, 9, 105, 2, 2),
(3, 4, 37, 3, 2),
(5, 2, 163, 1, 1),
(4, 6, 48, 3, 1),
(5, 10, 110, 1, 1),
(2, 2, 229, 3, 2),
(4, 9, 222, 2, 1),
(4, 9, 109, 3, 2),
(3, 7, 140, 3, 2),
(2, 5, 220, 2, 1),
(2, 7, 177, 1, 2),
(2, 8, 219, 2, 1),
(2, 10, 235, 1, 2),
(4, 6, 82, 1, 2),
(2, 5, 15, 3, 1),
(3, 1, 24, 1, 2),
(5, 7, 85, 1, 1),
(3, 11, 200, 3, 1),
(1, 5, 150, 3, 1),
(1, 8, 69, 3, 2),
(3, 4, 140, 1, 2),
(4, 6, 1, 1, 1),
(2, 5, 160, 1, 2),
(4, 4, 213, 3, 1),
(3, 7, 32, 1, 2),
(1, 11, 35, 3, 1),
(4, 1, 155, 2, 1),
(1, 3, 209, 2, 2),
(3, 8, 137, 2, 1),
(2, 9, 107, 2, 2),
(3, 2, 43, 2, 1),
(1, 9, 143, 1, 1),
(3, 2, 17, 2, 2),
(1, 3, 182, 1, 2),
(2, 2, 108, 1, 2),
(3, 6, 27, 1, 2),
(2, 8, 170, 1, 2),
(1, 11, 207, 1, 2),
(3, 10, 115, 1, 1),
(1, 8, 17, 3, 1),
(4, 10, 14, 3, 2),
(1, 8, 145, 2, 2),
(3, 7, 221, 2, 2),
(1, 5, 34, 1, 1),
(2, 1, 105, 2, 2),
(5, 8, 72, 3, 1),
(1, 10, 103, 1, 1),
(3, 7, 72, 2, 1),
(4, 5, 130, 2, 1),
(3, 6, 91, 2, 2),
(4, 6, 169, 3, 2),
(5, 4, 143, 2, 1),
(1, 2, 124, 3, 1),
(4, 4, 101, 3, 1),
(2, 1, 182, 1, 2),
(2, 8, 125, 2, 2),
(3, 10, 126, 1, 2),
(5, 7, 221, 1, 2),
(1, 11, 76, 1, 1),
(1, 1, 178, 3, 2),
(3, 11, 3, 2, 2),
(4, 7, 127, 1, 2),
(3, 8, 64, 1, 1),
(1, 4, 191, 1, 2),
(5, 7, 149, 2, 1),
(2, 8, 158, 3, 2),
(1, 10, 180, 3, 1),
(2, 1, 147, 3, 2),
(3, 1, 49, 3, 1),
(5, 10, 111, 2, 1),
(2, 9, 32, 3, 1),
(1, 3, 76, 2, 1),
(2, 2, 72, 2, 1),
(3, 4, 76, 3, 1),
(1, 3, 177, 1, 1),
(3, 10, 190, 1, 1),
(4, 8, 49, 2, 1),
(2, 10, 144, 1, 2),
(5, 8, 143, 1, 1),
(3, 2, 148, 1, 1),
(3, 8, 27, 3, 2),
(1, 8, 17, 1, 2),
(2, 1, 208, 2, 2),
(1, 7, 54, 1, 1),
(3, 1, 11, 3, 1),
(3, 8, 172, 3, 1),
(1, 6, 100, 2, 2),
(1, 3, 208, 3, 2),
(4, 7, 54, 3, 1),
(5, 10, 85, 3, 2),
(3, 3, 233, 1, 2),
(5, 1, 20, 2, 1),
(2, 3, 202, 1, 2),
(2, 2, 59, 1, 2),
(4, 5, 103, 2, 1),
(1, 1, 64, 2, 1),
(3, 3, 154, 1, 2),
(4, 10, 106, 1, 2),
(3, 1, 130, 1, 1),
(5, 7, 70, 2, 1),
(1, 11, 115, 2, 1),
(2, 5, 8, 1, 1),
(1, 11, 33, 2, 2),
(2, 7, 58, 3, 1),
(4, 9, 125, 1, 1),
(1, 2, 28, 1, 1),
(3, 6, 167, 1, 1),
(4, 10, 235, 1, 2),
(5, 1, 7, 2, 1),
(5, 5, 40, 2, 2),
(3, 3, 48, 1, 1),
(4, 9, 228, 2, 1),
(1, 1, 113, 3, 2),
(2, 7, 34, 2, 1),
(4, 8, 197, 2, 2),
(4, 3, 137, 1, 1),
(1, 10, 193, 1, 1),
(4, 3, 169, 1, 1),
(3, 2, 205, 2, 2),
(3, 10, 54, 1, 2),
(3, 8, 23, 2, 1),
(2, 9, 208, 1, 2),
(2, 6, 98, 2, 1),
(5, 3, 235, 3, 2),
(4, 4, 105, 1, 2),
(4, 10, 45, 2, 1),
(3, 6, 209, 3, 1),
(1, 8, 5, 1, 2),
(3, 8, 2, 2, 1),
(5, 4, 90, 3, 1),
(4, 1, 94, 2, 2),
(2, 5, 146, 2, 2),
(5, 2, 141, 1, 2),
(4, 7, 114, 2, 2),
(5, 2, 201, 3, 1),
(5, 5, 34, 2, 2),
(4, 6, 89, 3, 2),
(1, 2, 20, 1, 1),
(3, 8, 32, 2, 2),
(4, 5, 53, 2, 1),
(1, 3, 155, 3, 1),
(3, 11, 4, 1, 2),
(2, 7, 96, 2, 1),
(1, 5, 115, 3, 1),
(2, 1, 181, 3, 1),
(2, 11, 225, 1, 2),
(1, 7, 225, 2, 2),
(4, 3, 181, 3, 2),
(1, 6, 212, 2, 2),
(2, 6, 228, 1, 2),
(1, 1, 114, 3, 2),
(5, 2, 206, 2, 2),
(1, 2, 7, 2, 2),
(4, 10, 77, 1, 2),
(2, 9, 15, 3, 1),
(4, 7, 90, 1, 2),
(4, 9, 70, 1, 1),
(3, 9, 170, 3, 1),
(5, 3, 113, 2, 2),
(1, 3, 42, 2, 1),
(1, 10, 170, 3, 2),
(4, 10, 29, 3, 1),
(4, 9, 201, 3, 2),
(5, 2, 104, 3, 2),
(2, 11, 169, 2, 2),
(2, 9, 35, 2, 2),
(1, 7, 84, 2, 2),
(4, 8, 89, 2, 2),
(3, 8, 233, 2, 2),
(1, 4, 195, 3, 2),
(3, 1, 12, 1, 1),
(5, 5, 17, 3, 2),
(3, 6, 128, 3, 2),
(5, 7, 121, 2, 2),
(1, 9, 58, 1, 2),
(1, 2, 58, 1, 1),
(5, 11, 216, 1, 2),
(3, 9, 230, 1, 2),
(3, 1, 35, 1, 2),
(3, 10, 148, 2, 1),
(5, 2, 53, 2, 1),
(4, 9, 104, 1, 2),
(3, 5, 201, 2, 2),
(2, 8, 49, 2, 2),
(3, 8, 90, 3, 2),
(1, 11, 223, 2, 2),
(5, 8, 23, 1, 1),
(4, 10, 36, 3, 2),
(4, 6, 87, 3, 1),
(4, 7, 160, 2, 2),
(3, 11, 159, 1, 2),
(5, 9, 17, 1, 1),
(2, 4, 157, 3, 2),
(4, 10, 66, 3, 2),
(2, 4, 235, 2, 2),
(4, 2, 200, 2, 1),
(5, 6, 223, 3, 2),
(2, 7, 167, 1, 1),
(1, 11, 176, 3, 2),
(1, 8, 72, 2, 1),
(1, 11, 163, 2, 1),
(3, 11, 53, 1, 1),
(3, 9, 42, 2, 2),
(1, 9, 34, 3, 1),
(4, 6, 221, 1, 1),
(1, 11, 152, 1, 2),
(3, 4, 221, 1, 1),
(2, 4, 120, 2, 2),
(1, 2, 180, 1, 1),
(5, 11, 182, 3, 1),
(3, 10, 216, 1, 1),
(1, 8, 168, 1, 1),
(4, 10, 214, 3, 2),
(4, 7, 108, 2, 1),
(2, 4, 32, 1, 1),
(3, 11, 170, 1, 2),
(5, 3, 77, 1, 1),
(5, 8, 146, 2, 1),
(4, 6, 197, 1, 2),
(1, 4, 72, 2, 2),
(3, 4, 182, 1, 1),
(3, 11, 167, 3, 1),
(4, 6, 6, 3, 2),
(3, 6, 152, 1, 2),
(4, 10, 32, 2, 1),
(5, 1, 57, 1, 2),
(1, 6, 205, 3, 1),
(2, 11, 92, 1, 1),
(3, 4, 92, 1, 1),
(1, 5, 134, 1, 1),
(5, 2, 68, 3, 2),
(2, 1, 236, 1, 2),
(1, 1, 188, 1, 1),
(2, 2, 131, 2, 2),
(1, 5, 211, 2, 1),
(1, 9, 121, 3, 1),
(5, 11, 235, 3, 1),
(4, 4, 87, 2, 1),
(5, 8, 235, 3, 1),
(2, 4, 45, 1, 2),
(5, 3, 92, 1, 1),
(1, 6, 126, 2, 2),
(2, 4, 2, 1, 2),
(3, 9, 236, 1, 1),
(3, 4, 144, 3, 1),
(5, 4, 188, 2, 1),
(4, 4, 60, 1, 1),
(5, 8, 6, 2, 1),
(2, 2, 22, 2, 1),
(4, 6, 217, 2, 2),
(1, 10, 167, 1, 1),
(3, 3, 23, 3, 1),
(5, 3, 23, 3, 2),
(1, 6, 188, 1, 1),
(2, 6, 44, 2, 2),
(1, 3, 174, 3, 1),
(4, 8, 148, 3, 1),
(3, 6, 125, 1, 1),
(5, 4, 32, 2, 1),
(2, 10, 169, 1, 1),
(4, 5, 194, 2, 1),
(3, 5, 89, 3, 2),
(2, 10, 220, 2, 2),
(1, 10, 29, 3, 2),
(1, 7, 226, 1, 2),
(3, 1, 5, 3, 2),
(4, 1, 13, 2, 1),
(2, 11, 236, 3, 2),
(5, 4, 132, 2, 1),
(3, 1, 100, 3, 1),
(5, 9, 97, 2, 2),
(1, 8, 225, 3, 2),
(4, 8, 171, 2, 1),
(2, 2, 30, 2, 2),
(4, 3, 140, 3, 1),
(3, 8, 93, 3, 2),
(4, 5, 49, 1, 2),
(1, 2, 183, 2, 2),
(1, 5, 190, 2, 2),
(4, 11, 145, 3, 2),
(5, 9, 44, 3, 1),
(4, 3, 164, 1, 1),
(2, 9, 115, 1, 2),
(5, 2, 31, 2, 2),
(2, 4, 161, 3, 2),
(2, 1, 78, 1, 1),
(1, 11, 100, 3, 2),
(2, 3, 177, 3, 2),
(4, 3, 239, 2, 2),
(5, 11, 14, 1, 2),
(2, 5, 184, 1, 2),
(1, 2, 91, 1, 2),
(4, 5, 101, 2, 2),
(1, 1, 190, 3, 1),
(3, 2, 220, 1, 2),
(4, 9, 210, 1, 1),
(5, 10, 11, 3, 1),
(1, 8, 46, 2, 1),
(5, 3, 152, 1, 2),
(3, 11, 77, 1, 2),
(2, 3, 69, 2, 1),
(1, 1, 234, 1, 1),
(4, 7, 185, 3, 2),
(3, 9, 31, 2, 1),
(4, 1, 170, 1, 1),
(5, 2, 217, 2, 2),
(4, 2, 110, 3, 1),
(4, 5, 22, 2, 1),
(1, 3, 216, 1, 1),
(3, 8, 140, 2, 1),
(2, 8, 17, 2, 2),
(4, 11, 61, 2, 2),
(5, 6, 114, 1, 1),
(5, 11, 52, 3, 1),
(2, 3, 185, 1, 2),
(3, 6, 176, 2, 2),
(1, 4, 200, 2, 1),
(3, 3, 74, 1, 2),
(3, 11, 131, 2, 2),
(2, 11, 11, 1, 1),
(5, 9, 103, 1, 1),
(5, 11, 150, 2, 1),
(3, 9, 157, 3, 2),
(2, 9, 66, 1, 1),
(3, 9, 230, 1, 1),
(5, 1, 96, 2, 1),
(3, 6, 10, 2, 2),
(5, 9, 73, 3, 2),
(3, 4, 83, 2, 2),
(3, 10, 236, 1, 1),
(3, 10, 69, 2, 1),
(4, 10, 137, 3, 1),
(3, 9, 78, 1, 1),
(1, 6, 123, 3, 2),
(4, 11, 148, 2, 1),
(5, 10, 221, 1, 1),
(2, 1, 71, 2, 1),
(5, 1, 28, 2, 2),
(4, 10, 227, 1, 2),
(4, 5, 191, 1, 2),
(3, 9, 62, 1, 1),
(4, 3, 137, 1, 2),
(3, 1, 96, 3, 1),
(1, 6, 146, 2, 2),
(5, 11, 165, 3, 2),
(2, 1, 70, 2, 1),
(3, 2, 108, 1, 2),
(4, 2, 142, 1, 2),
(5, 5, 42, 3, 2),
(4, 2, 98, 3, 2),
(1, 5, 214, 1, 2),
(4, 7, 89, 1, 2),
(4, 10, 98, 1, 2),
(3, 11, 48, 1, 2),
(1, 6, 185, 2, 2),
(4, 10, 93, 2, 1),
(4, 8, 34, 1, 2),
(4, 11, 26, 1, 1),
(5, 3, 167, 3, 1),
(5, 5, 163, 1, 1),
(4, 6, 55, 3, 1),
(5, 3, 118, 3, 1),
(2, 1, 221, 2, 1),
(5, 5, 146, 1, 1),
(2, 10, 20, 1, 1),
(5, 1, 134, 3, 2),
(4, 5, 55, 1, 2),
(2, 9, 200, 1, 1),
(5, 8, 103, 3, 1),
(4, 4, 179, 2, 1),
(4, 6, 194, 2, 1),
(2, 7, 94, 3, 2),
(1, 9, 111, 2, 2),
(2, 3, 39, 3, 1),
(2, 6, 57, 1, 1),
(5, 10, 88, 1, 2),
(5, 3, 99, 3, 1),
(1, 1, 160, 3, 1),
(5, 2, 41, 2, 1),
(3, 7, 45, 2, 2),
(5, 11, 234, 1, 2),
(2, 4, 148, 3, 2),
(3, 8, 210, 3, 2),
(5, 10, 17, 1, 2),
(5, 11, 113, 2, 1),
(1, 4, 167, 1, 1),
(4, 10, 209, 2, 2),
(2, 1, 124, 3, 2),
(1, 6, 13, 2, 1),
(3, 5, 3, 3, 1),
(2, 1, 39, 1, 2),
(5, 9, 55, 2, 2),
(4, 8, 214, 2, 1),
(4, 9, 87, 2, 1),
(5, 7, 17, 2, 1),
(5, 8, 233, 3, 1),
(3, 2, 5, 1, 2),
(3, 5, 141, 1, 1),
(3, 2, 217, 2, 2),
(4, 9, 149, 2, 2),
(3, 2, 90, 3, 1),
(5, 3, 18, 1, 1),
(5, 3, 113, 2, 1),
(4, 10, 28, 3, 1),
(2, 4, 42, 1, 1),
(3, 8, 23, 2, 2),
(3, 9, 139, 2, 2),
(3, 9, 141, 1, 2),
(2, 2, 109, 3, 2),
(3, 7, 144, 2, 2),
(3, 7, 223, 2, 1),
(1, 3, 29, 3, 2),
(5, 11, 127, 3, 2),
(3, 10, 76, 1, 1),
(2, 7, 42, 2, 1),
(1, 2, 19, 3, 1),
(4, 6, 140, 2, 1),
(5, 10, 235, 2, 2),
(1, 2, 151, 1, 2),
(4, 10, 199, 1, 2),
(3, 10, 46, 3, 2),
(3, 1, 234, 2, 1),
(2, 4, 207, 2, 1),
(5, 6, 101, 2, 2),
(5, 5, 78, 2, 1),
(4, 1, 203, 2, 2),
(2, 5, 80, 2, 2),
(2, 11, 39, 3, 2),
(3, 1, 79, 3, 2),
(2, 8, 88, 1, 2),
(3, 4, 142, 1, 1),
(3, 8, 152, 2, 2),
(5, 5, 108, 3, 1),
(3, 11, 137, 3, 2),
(5, 4, 176, 1, 2),
(5, 1, 152, 2, 1),
(3, 5, 161, 2, 1),
(4, 8, 197, 3, 2),
(3, 9, 180, 3, 2),
(4, 6, 98, 3, 1),
(3, 1, 60, 2, 2),
(2, 2, 200, 2, 1),
(3, 6, 122, 1, 1),
(1, 9, 97, 3, 2),
(2, 3, 82, 2, 1),
(1, 3, 207, 1, 1),
(3, 5, 221, 1, 2),
(3, 2, 199, 3, 1),
(1, 11, 103, 2, 2),
(5, 1, 233, 3, 2),
(2, 1, 224, 2, 1),
(3, 10, 165, 2, 2),
(3, 2, 112, 1, 2),
(4, 9, 236, 2, 1),
(4, 11, 153, 3, 2),
(2, 7, 57, 3, 1),
(4, 7, 137, 2, 1),
(5, 5, 222, 3, 1),
(1, 5, 80, 1, 1),
(4, 8, 27, 1, 1),
(2, 7, 125, 3, 2),
(4, 6, 101, 1, 1),
(4, 5, 44, 1, 2),
(3, 10, 151, 1, 1),
(4, 1, 204, 2, 2),
(3, 8, 222, 2, 1),
(2, 11, 106, 3, 1),
(2, 5, 28, 2, 2),
(2, 10, 94, 2, 2),
(4, 9, 14, 3, 1),
(3, 11, 58, 3, 1),
(4, 3, 168, 1, 2),
(3, 5, 180, 1, 2),
(5, 3, 188, 2, 1),
(4, 10, 53, 2, 2),
(5, 7, 33, 2, 2),
(3, 1, 101, 2, 2),
(4, 5, 107, 1, 1),
(5, 2, 2, 3, 2),
(4, 5, 117, 2, 1),
(1, 1, 96, 2, 2),
(1, 3, 234, 1, 2),
(3, 3, 89, 1, 2),
(5, 4, 140, 3, 2),
(1, 11, 144, 2, 2),
(1, 8, 238, 3, 2),
(5, 5, 179, 2, 1),
(2, 3, 54, 2, 1),
(5, 11, 210, 2, 2),
(4, 3, 163, 1, 2),
(5, 4, 142, 3, 2),
(1, 7, 235, 3, 2),
(3, 2, 183, 3, 1),
(1, 7, 122, 3, 2),
(1, 7, 171, 3, 1),
(5, 4, 221, 1, 1),
(3, 8, 79, 3, 2),
(2, 2, 43, 3, 1),
(3, 10, 19, 1, 2),
(4, 2, 41, 2, 1),
(1, 3, 8, 2, 1),
(2, 10, 186, 3, 1),
(3, 8, 197, 2, 2),
(5, 10, 172, 1, 1),
(2, 9, 190, 1, 1),
(4, 10, 223, 2, 2),
(5, 5, 77, 2, 1),
(2, 11, 187, 2, 1),
(1, 1, 206, 2, 2),
(5, 4, 189, 1, 1),
(5, 10, 214, 2, 1),
(1, 1, 202, 1, 1),
(4, 11, 234, 3, 1),
(2, 9, 196, 1, 1),
(2, 7, 89, 3, 1),
(3, 10, 64, 3, 1),
(5, 3, 207, 2, 2),
(4, 6, 142, 3, 2),
(4, 11, 165, 1, 1),
(1, 6, 50, 2, 1),
(3, 2, 193, 1, 1),
(4, 5, 226, 3, 2),
(4, 7, 103, 3, 1),
(1, 6, 204, 3, 1),
(5, 10, 91, 1, 2),
(4, 9, 96, 1, 1),
(4, 6, 226, 3, 2),
(5, 3, 154, 1, 1),
(3, 6, 4, 1, 1),
(2, 11, 201, 2, 1),
(5, 2, 115, 1, 2),
(3, 4, 198, 1, 2),
(2, 3, 21, 1, 1),
(4, 6, 127, 2, 1),
(1, 9, 107, 3, 1),
(4, 2, 34, 1, 2),
(2, 1, 142, 1, 1),
(2, 5, 157, 3, 1),
(4, 7, 3, 1, 2),
(2, 3, 63, 3, 2),
(1, 7, 142, 2, 1),
(4, 9, 22, 2, 1),
(1, 2, 163, 3, 1),
(5, 8, 224, 2, 2),
(5, 6, 168, 2, 1),
(2, 4, 140, 3, 2),
(4, 7, 44, 1, 1),
(2, 8, 58, 3, 2),
(2, 2, 220, 2, 2),
(5, 7, 120, 1, 2),
(2, 1, 210, 2, 1),
(2, 10, 17, 3, 1),
(2, 6, 47, 2, 2),
(1, 7, 28, 2, 2),
(2, 5, 227, 3, 2),
(5, 10, 165, 3, 1),
(4, 1, 167, 2, 2),
(4, 11, 57, 2, 1),
(4, 10, 234, 3, 1),
(2, 2, 64, 2, 1),
(4, 11, 13, 2, 1),
(1, 1, 147, 1, 2),
(4, 10, 232, 3, 1),
(4, 7, 133, 1, 2),
(1, 8, 37, 1, 1),
(4, 6, 46, 1, 1),
(5, 5, 128, 1, 1),
(1, 9, 138, 3, 2),
(5, 9, 94, 3, 1),
(1, 9, 158, 2, 2),
(2, 3, 217, 2, 2),
(5, 8, 185, 3, 2),
(4, 8, 46, 1, 1),
(2, 1, 1, 2, 2),
(2, 5, 57, 1, 2),
(4, 6, 107, 1, 1),
(2, 9, 153, 3, 2),
(2, 6, 70, 3, 1),
(2, 10, 96, 2, 2),
(1, 5, 145, 1, 2),
(3, 8, 177, 1, 2),
(2, 1, 118, 3, 1),
(1, 10, 87, 2, 2),
(5, 11, 82, 3, 1),
(5, 2, 219, 1, 1),
(1, 6, 173, 3, 1),
(5, 7, 164, 1, 2),
(2, 7, 93, 2, 1),
(3, 5, 84, 1, 2),
(3, 3, 179, 2, 2),
(3, 3, 173, 2, 1),
(4, 7, 210, 1, 2),
(1, 6, 215, 1, 1),
(5, 6, 76, 3, 1),
(5, 1, 229, 1, 2),
(1, 8, 64, 2, 1),
(4, 1, 115, 2, 1),
(5, 4, 13, 1, 2),
(5, 2, 170, 2, 2),
(5, 6, 214, 2, 2),
(2, 3, 177, 3, 2),
(1, 4, 239, 3, 2),
(3, 3, 163, 1, 2),
(3, 2, 141, 3, 1),
(2, 9, 117, 1, 1),
(5, 8, 4, 2, 1),
(5, 4, 85, 3, 1),
(2, 1, 219, 3, 2),
(1, 3, 39, 3, 2),
(5, 5, 196, 2, 2),
(1, 2, 35, 3, 1),
(3, 11, 152, 2, 1),
(3, 11, 40, 3, 2),
(1, 2, 203, 2, 1),
(4, 5, 111, 1, 2),
(3, 11, 225, 3, 1),
(2, 7, 191, 3, 2),
(2, 3, 173, 1, 2),
(2, 10, 114, 1, 2),
(2, 4, 75, 2, 2),
(4, 5, 130, 3, 2),
(4, 2, 128, 2, 2),
(3, 4, 27, 1, 1),
(5, 1, 212, 1, 2),
(1, 6, 28, 3, 2),
(5, 11, 66, 1, 1),
(2, 2, 83, 3, 1),
(1, 2, 180, 2, 2),
(2, 3, 14, 1, 1),
(4, 10, 233, 3, 2),
(1, 1, 80, 2, 1),
(1, 3, 155, 2, 2),
(2, 8, 217, 3, 1),
(4, 7, 207, 2, 2),
(5, 5, 217, 2, 2),
(4, 11, 143, 2, 1),
(1, 9, 53, 3, 2),
(5, 4, 197, 3, 1),
(1, 2, 185, 1, 2),
(3, 3, 54, 2, 2),
(2, 10, 156, 3, 1),
(1, 3, 59, 2, 2),
(1, 8, 28, 3, 2),
(1, 9, 172, 3, 2),
(4, 8, 148, 1, 2),
(2, 10, 57, 2, 1),
(4, 10, 112, 1, 2),
(3, 9, 78, 3, 2),
(5, 10, 150, 2, 2),
(4, 8, 114, 3, 2),
(1, 3, 8, 3, 1),
(3, 6, 208, 3, 1),
(2, 5, 146, 2, 2),
(4, 1, 142, 1, 2),
(4, 3, 89, 1, 1),
(4, 3, 5, 3, 2),
(4, 7, 33, 1, 2),
(3, 1, 66, 3, 1),
(2, 1, 96, 1, 1),
(5, 2, 13, 1, 1),
(3, 2, 117, 2, 1),
(3, 8, 97, 1, 1),
(2, 10, 88, 1, 1),
(5, 7, 146, 3, 1),
(2, 3, 78, 2, 1),
(2, 4, 163, 3, 1),
(4, 9, 44, 1, 1),
(2, 2, 23, 1, 2),
(5, 11, 178, 3, 2),
(2, 10, 239, 2, 2),
(4, 11, 211, 2, 2),
(1, 6, 63, 2, 1),
(1, 4, 236, 3, 1),
(4, 1, 217, 1, 1),
(4, 6, 78, 1, 2),
(5, 10, 102, 2, 1),
(2, 7, 37, 1, 2),
(1, 11, 43, 3, 2),
(1, 1, 17, 2, 2),
(1, 2, 191, 2, 2),
(4, 1, 240, 1, 2),
(4, 4, 115, 2, 1),
(3, 1, 150, 1, 2),
(5, 8, 187, 1, 1),
(2, 4, 184, 1, 1),
(2, 3, 240, 3, 2),
(1, 10, 156, 3, 1),
(5, 8, 17, 2, 1),
(5, 5, 230, 1, 2),
(5, 10, 240, 2, 2),
(1, 4, 209, 3, 1),
(5, 8, 228, 1, 1),
(4, 10, 208, 2, 2),
(1, 7, 36, 1, 1),
(1, 9, 124, 1, 1),
(1, 11, 222, 2, 2),
(3, 8, 193, 2, 1),
(4, 4, 171, 1, 1),
(3, 8, 152, 3, 2),
(2, 3, 35, 2, 1),
(1, 11, 170, 2, 1),
(5, 10, 80, 1, 1),
(2, 9, 190, 3, 2),
(4, 4, 168, 3, 2),
(5, 4, 161, 2, 1),
(5, 6, 84, 3, 2),
(1, 7, 8, 3, 2),
(5, 4, 57, 2, 1),
(1, 5, 88, 1, 1),
(3, 1, 62, 1, 2),
(5, 8, 229, 2, 2),
(1, 5, 166, 2, 2),
(5, 3, 100, 1, 2),
(4, 11, 191, 2, 2),
(1, 5, 136, 1, 2),
(3, 7, 234, 1, 1),
(5, 10, 110, 2, 2),
(2, 1, 49, 1, 1),
(2, 9, 158, 2, 1),
(1, 10, 59, 3, 1),
(4, 8, 136, 1, 2),
(2, 8, 210, 1, 2),
(4, 7, 49, 3, 2),
(5, 11, 180, 3, 2),
(5, 4, 198, 3, 1),
(2, 6, 129, 1, 1),
(1, 3, 31, 3, 1),
(5, 8, 135, 2, 1),
(3, 9, 190, 1, 2),
(4, 2, 61, 1, 1),
(3, 8, 230, 1, 1),
(5, 7, 21, 2, 2),
(1, 7, 15, 3, 1),
(1, 8, 212, 1, 1),
(2, 3, 16, 2, 1),
(1, 7, 20, 1, 1),
(2, 1, 33, 1, 1),
(1, 5, 121, 2, 2),
(1, 6, 37, 2, 2),
(1, 5, 214, 3, 2),
(3, 7, 114, 2, 2),
(4, 5, 215, 2, 1),
(5, 9, 208, 3, 2),
(4, 7, 81, 3, 2),
(2, 8, 216, 3, 2),
(1, 11, 3, 3, 1),
(3, 5, 66, 2, 2),
(1, 7, 174, 1, 1),
(1, 8, 170, 3, 2),
(3, 5, 80, 2, 2),
(5, 9, 88, 2, 2),
(1, 4, 146, 1, 1),
(1, 9, 235, 3, 2),
(4, 5, 92, 1, 2),
(2, 6, 151, 1, 2),
(3, 8, 130, 1, 1),
(5, 8, 34, 2, 1),
(5, 1, 183, 3, 1),
(2, 9, 103, 1, 2),
(3, 3, 5, 3, 1),
(2, 5, 118, 1, 2),
(2, 1, 159, 3, 2),
(3, 7, 191, 1, 2),
(1, 4, 53, 2, 1),
(4, 3, 148, 2, 2),
(3, 6, 55, 3, 1),
(1, 2, 171, 3, 1),
(1, 1, 181, 1, 2),
(2, 10, 182, 2, 1),
(2, 1, 122, 3, 2),
(4, 7, 66, 1, 1),
(1, 8, 88, 1, 1),
(5, 5, 155, 3, 1),
(3, 10, 115, 3, 1),
(1, 3, 82, 1, 1),
(4, 9, 42, 3, 2),
(5, 8, 202, 2, 1),
(4, 9, 194, 3, 1),
(3, 8, 203, 1, 2),
(4, 1, 234, 3, 1),
(5, 1, 218, 1, 1),
(4, 8, 50, 1, 2),
(2, 11, 59, 2, 2),
(1, 8, 147, 1, 1),
(5, 7, 149, 1, 2),
(5, 8, 16, 2, 1),
(2, 2, 183, 1, 2),
(5, 7, 201, 1, 2),
(4, 11, 195, 2, 2),
(2, 8, 199, 3, 1),
(3, 5, 130, 1, 1),
(1, 1, 220, 1, 1),
(2, 11, 41, 2, 1),
(1, 6, 134, 2, 2),
(3, 7, 180, 1, 2),
(1, 7, 76, 2, 1),
(4, 7, 233, 2, 1),
(5, 11, 196, 3, 2),
(3, 6, 127, 3, 1),
(4, 1, 114, 1, 2),
(2, 2, 143, 2, 2),
(5, 7, 5, 3, 2),
(2, 8, 71, 3, 1),
(3, 7, 68, 2, 2),
(4, 5, 37, 3, 2),
(3, 11, 220, 3, 1),
(1, 3, 226, 2, 2),
(4, 10, 81, 3, 1),
(3, 3, 187, 1, 2),
(3, 3, 209, 3, 2),
(5, 6, 52, 3, 1),
(4, 7, 145, 1, 2),
(2, 10, 144, 3, 2),
(1, 6, 55, 1, 2),
(2, 11, 38, 2, 2),
(5, 2, 228, 3, 2),
(5, 5, 186, 3, 1),
(1, 9, 214, 3, 1),
(5, 8, 39, 2, 2),
(1, 11, 105, 2, 1),
(2, 6, 68, 1, 1),
(3, 6, 57, 1, 2),
(3, 4, 236, 2, 1),
(4, 10, 109, 2, 2),
(1, 7, 236, 2, 1),
(4, 1, 174, 2, 2),
(1, 2, 207, 3, 2),
(2, 11, 22, 3, 1),
(3, 1, 206, 3, 2),
(3, 5, 68, 2, 1),
(2, 10, 106, 3, 2),
(1, 10, 134, 2, 2),
(2, 8, 86, 2, 1),
(2, 8, 86, 1, 1),
(3, 7, 112, 2, 2),
(1, 5, 168, 3, 1),
(1, 6, 2, 3, 1),
(4, 5, 11, 3, 1),
(1, 4, 58, 1, 2),
(1, 2, 144, 3, 2),
(3, 7, 220, 1, 1),
(1, 6, 4, 1, 2),
(5, 5, 77, 3, 1),
(3, 2, 174, 3, 2),
(2, 3, 92, 1, 2),
(4, 3, 222, 2, 2),
(4, 4, 4, 3, 2),
(5, 1, 48, 3, 1),
(1, 1, 209, 1, 2),
(3, 11, 16, 3, 1),
(1, 11, 171, 3, 1),
(2, 3, 5, 2, 1),
(1, 1, 102, 1, 2),
(5, 2, 53, 3, 2),
(2, 6, 101, 2, 1),
(3, 4, 177, 2, 2),
(5, 4, 209, 1, 2),
(5, 3, 66, 3, 2),
(1, 9, 160, 2, 1),
(2, 10, 80, 1, 1),
(3, 8, 92, 1, 2),
(4, 1, 92, 1, 1),
(1, 6, 25, 3, 1),
(3, 3, 192, 3, 1),
(3, 7, 75, 1, 2),
(5, 2, 127, 2, 2),
(5, 10, 123, 3, 1),
(5, 5, 217, 2, 1),
(4, 3, 6, 3, 1),
(3, 4, 12, 1, 1),
(1, 10, 48, 2, 1),
(5, 6, 230, 3, 1),
(1, 8, 190, 2, 1),
(3, 7, 147, 3, 1),
(5, 11, 47, 3, 1),
(1, 11, 73, 2, 2),
(3, 9, 18, 1, 2),
(5, 2, 17, 3, 1),
(1, 3, 229, 3, 2),
(3, 1, 170, 2, 2),
(5, 2, 168, 3, 1),
(4, 5, 121, 2, 1),
(4, 10, 218, 1, 2),
(3, 3, 38, 2, 1),
(5, 3, 228, 1, 1),
(1, 10, 210, 1, 1),
(2, 4, 25, 3, 2),
(1, 10, 46, 2, 2),
(5, 6, 46, 2, 1),
(5, 5, 122, 1, 2),
(2, 9, 183, 2, 2),
(4, 10, 126, 2, 1),
(1, 11, 8, 1, 2),
(2, 11, 132, 3, 2),
(5, 2, 215, 2, 1),
(5, 7, 155, 2, 1),
(3, 11, 211, 1, 2),
(1, 4, 46, 1, 2),
(2, 9, 189, 2, 2),
(4, 6, 66, 3, 2),
(4, 5, 134, 2, 2),
(4, 2, 190, 3, 2),
(3, 2, 35, 2, 2),
(3, 11, 51, 1, 2),
(5, 7, 171, 3, 2),
(3, 8, 82, 3, 2),
(4, 5, 197, 3, 2),
(1, 7, 203, 2, 1),
(3, 6, 212, 2, 1),
(3, 8, 141, 3, 2),
(1, 3, 135, 1, 1),
(2, 2, 205, 3, 1),
(4, 2, 227, 1, 2),
(1, 2, 2, 3, 1),
(4, 7, 223, 2, 2),
(5, 7, 133, 2, 2),
(2, 3, 180, 3, 2),
(2, 10, 153, 2, 2),
(4, 9, 42, 2, 1),
(3, 6, 217, 3, 2),
(4, 7, 129, 2, 2),
(4, 6, 3, 1, 2),
(1, 2, 182, 3, 1),
(3, 6, 150, 3, 1),
(1, 9, 161, 2, 1),
(2, 3, 60, 3, 1),
(4, 11, 23, 1, 1),
(5, 8, 131, 1, 1),
(4, 9, 209, 2, 2),
(2, 4, 210, 3, 2),
(4, 8, 224, 1, 1),
(4, 6, 27, 2, 2),
(5, 10, 200, 1, 1),
(5, 5, 148, 1, 2),
(2, 5, 177, 2, 2),
(2, 5, 127, 3, 2),
(5, 2, 107, 1, 1),
(4, 11, 96, 2, 1),
(2, 9, 220, 3, 1),
(1, 2, 2, 1, 2),
(5, 1, 225, 2, 2),
(4, 11, 28, 2, 1),
(5, 10, 203, 3, 1),
(3, 8, 64, 2, 1),
(4, 8, 18, 2, 1),
(3, 3, 53, 1, 2),
(1, 10, 160, 1, 1),
(3, 1, 181, 1, 1),
(2, 6, 159, 3, 1),
(5, 5, 52, 2, 2),
(1, 6, 137, 2, 1),
(2, 3, 130, 3, 2),
(2, 3, 239, 1, 2),
(3, 7, 214, 1, 1),
(2, 8, 12, 3, 2),
(2, 11, 61, 1, 1),
(4, 4, 205, 2, 2),
(4, 1, 156, 3, 2),
(3, 6, 21, 2, 2),
(4, 6, 27, 3, 1),
(5, 8, 225, 1, 2),
(1, 8, 182, 3, 2),
(5, 3, 21, 1, 2),
(2, 2, 128, 2, 2),
(5, 4, 180, 2, 2),
(3, 4, 186, 1, 1),
(2, 3, 108, 3, 1),
(1, 8, 36, 1, 2),
(5, 4, 192, 3, 2),
(5, 6, 240, 3, 2),
(4, 5, 173, 1, 1),
(2, 6, 37, 2, 1),
(2, 10, 240, 2, 1),
(4, 1, 129, 3, 2),
(4, 7, 225, 3, 2),
(1, 4, 26, 2, 2),
(3, 4, 106, 1, 1),
(2, 8, 216, 3, 1),
(3, 9, 66, 3, 2),
(2, 3, 209, 3, 2),
(5, 2, 68, 1, 2),
(4, 11, 29, 2, 2),
(1, 6, 154, 3, 2),
(3, 9, 44, 1, 2),
(3, 9, 25, 2, 1),
(4, 1, 48, 1, 1),
(4, 11, 155, 2, 2),
(5, 1, 112, 2, 1),
(4, 6, 203, 3, 1),
(4, 9, 73, 1, 2),
(2, 3, 133, 3, 2),
(2, 5, 155, 2, 2),
(4, 5, 92, 2, 2),
(4, 3, 25, 2, 1),
(2, 10, 81, 3, 1),
(5, 9, 57, 1, 1),
(5, 1, 136, 2, 1),
(1, 10, 235, 3, 2),
(2, 4, 156, 2, 2),
(4, 6, 4, 1, 2),
(2, 7, 151, 1, 1),
(5, 4, 208, 3, 2),
(1, 8, 170, 3, 2),
(1, 4, 174, 1, 1),
(4, 8, 180, 3, 1),
(2, 3, 233, 3, 2),
(3, 1, 117, 1, 1),
(2, 9, 58, 3, 1),
(2, 4, 176, 3, 1),
(5, 2, 136, 2, 2),
(2, 1, 116, 2, 1),
(5, 7, 154, 2, 1),
(5, 8, 24, 3, 1),
(4, 2, 203, 2, 2),
(3, 6, 110, 1, 2),
(1, 7, 22, 3, 1),
(4, 9, 137, 3, 2),
(3, 1, 119, 1, 1),
(3, 2, 206, 3, 2),
(1, 1, 216, 3, 2),
(5, 2, 58, 3, 1),
(2, 6, 22, 2, 1),
(2, 4, 143, 1, 1),
(4, 5, 3, 1, 2),
(2, 1, 155, 1, 1),
(3, 1, 106, 3, 2),
(4, 11, 209, 2, 2),
(1, 4, 198, 2, 1),
(3, 1, 199, 2, 1),
(2, 10, 37, 3, 1),
(1, 10, 101, 3, 1),
(5, 4, 20, 2, 2),
(1, 8, 233, 1, 1),
(1, 4, 101, 2, 1),
(1, 7, 14, 3, 1),
(5, 8, 36, 2, 1),
(2, 2, 175, 3, 1),
(2, 7, 44, 2, 2),
(1, 1, 76, 3, 2),
(5, 5, 15, 1, 1),
(2, 6, 238, 1, 2),
(2, 10, 69, 2, 1),
(5, 10, 143, 1, 2),
(3, 5, 233, 2, 2),
(2, 2, 119, 1, 1),
(1, 1, 30, 2, 2),
(1, 3, 66, 1, 1),
(5, 1, 95, 1, 1),
(5, 9, 194, 1, 1),
(1, 4, 180, 3, 1),
(1, 11, 123, 2, 1),
(1, 3, 65, 1, 2),
(1, 3, 187, 1, 1),
(1, 4, 30, 3, 2),
(5, 6, 97, 2, 1),
(5, 3, 163, 2, 1),
(5, 6, 149, 2, 2),
(5, 3, 9, 3, 1),
(1, 8, 224, 2, 2),
(4, 2, 216, 3, 2),
(5, 2, 210, 3, 2),
(2, 10, 60, 1, 2),
(3, 7, 56, 3, 1),
(2, 6, 235, 1, 2),
(1, 9, 229, 1, 1),
(1, 4, 211, 1, 2),
(4, 2, 89, 1, 2),
(1, 5, 183, 2, 2),
(2, 6, 214, 3, 1),
(5, 10, 130, 2, 2),
(5, 10, 113, 3, 1),
(5, 2, 76, 1, 2),
(5, 1, 88, 1, 1),
(4, 4, 151, 1, 1),
(1, 3, 76, 3, 1),
(2, 5, 212, 2, 1),
(4, 2, 138, 1, 1),
(3, 8, 96, 1, 1),
(3, 8, 29, 2, 2),
(3, 8, 91, 2, 2),
(5, 8, 4, 2, 1),
(2, 5, 171, 3, 2),
(2, 7, 32, 2, 2),
(2, 2, 103, 2, 1),
(3, 9, 64, 2, 1),
(3, 8, 27, 2, 1),
(5, 1, 130, 3, 1),
(2, 8, 209, 2, 1),
(4, 11, 227, 2, 2),
(2, 2, 19, 2, 1),
(5, 8, 35, 3, 2),
(1, 5, 125, 1, 2),
(2, 9, 144, 2, 1),
(1, 6, 46, 2, 1),
(3, 8, 113, 1, 1),
(4, 9, 53, 2, 2),
(4, 10, 69, 3, 2),
(2, 4, 239, 1, 1),
(1, 4, 6, 3, 1),
(4, 5, 187, 2, 1),
(2, 9, 86, 2, 1),
(1, 7, 219, 1, 1),
(3, 3, 115, 2, 1),
(2, 6, 86, 1, 2),
(1, 10, 159, 3, 1),
(4, 7, 90, 2, 1),
(1, 7, 74, 3, 1),
(4, 8, 34, 1, 1),
(2, 9, 181, 2, 2),
(5, 9, 202, 1, 2),
(2, 11, 230, 2, 2),
(3, 2, 45, 1, 2),
(3, 8, 219, 1, 1),
(1, 8, 154, 1, 1),
(5, 7, 232, 1, 1),
(5, 6, 146, 1, 2),
(5, 11, 33, 1, 1),
(2, 11, 13, 1, 1),
(1, 8, 146, 1, 1),
(5, 8, 162, 3, 1),
(1, 11, 44, 1, 1),
(1, 6, 126, 3, 1),
(5, 6, 128, 2, 1),
(1, 10, 194, 3, 1),
(2, 9, 59, 2, 1),
(1, 1, 12, 2, 2),
(1, 11, 181, 1, 1),
(5, 7, 166, 1, 1),
(1, 2, 80, 1, 1),
(3, 6, 116, 1, 1),
(5, 10, 136, 3, 1),
(4, 1, 175, 1, 1),
(5, 10, 226, 3, 2),
(2, 8, 147, 3, 1),
(4, 4, 198, 1, 1),
(1, 3, 8, 3, 2),
(1, 1, 31, 3, 1),
(5, 5, 7, 1, 1),
(5, 4, 135, 1, 1),
(5, 9, 63, 1, 2),
(5, 5, 232, 3, 2),
(5, 4, 31, 3, 1),
(3, 8, 8, 3, 2),
(5, 9, 204, 3, 2),
(2, 9, 6, 1, 1),
(1, 3, 153, 1, 2),
(1, 4, 162, 3, 1),
(2, 2, 28, 1, 2),
(5, 4, 220, 3, 1),
(2, 6, 109, 3, 1),
(4, 3, 189, 2, 2),
(3, 8, 64, 1, 1),
(5, 6, 3, 1, 2),
(5, 10, 123, 2, 2),
(5, 4, 136, 3, 2),
(3, 3, 75, 2, 1),
(4, 2, 173, 1, 1),
(5, 2, 180, 3, 1),
(1, 10, 27, 2, 1),
(4, 4, 34, 2, 1),
(3, 5, 6, 3, 1),
(4, 6, 63, 1, 2),
(1, 9, 192, 3, 2),
(2, 4, 186, 3, 2),
(4, 5, 71, 2, 1),
(3, 5, 115, 2, 1),
(4, 3, 239, 2, 1),
(2, 4, 64, 1, 1),
(5, 10, 198, 3, 2),
(5, 7, 135, 1, 2),
(2, 3, 134, 3, 1),
(5, 4, 202, 3, 1),
(1, 8, 116, 3, 1),
(1, 6, 150, 2, 2),
(3, 10, 58, 3, 2),
(3, 2, 32, 2, 1),
(4, 5, 56, 1, 1),
(1, 6, 59, 2, 1),
(2, 2, 10, 1, 1),
(3, 6, 112, 3, 2),
(3, 4, 140, 1, 1),
(3, 5, 104, 3, 2),
(5, 8, 115, 2, 2),
(2, 10, 43, 2, 2),
(5, 3, 115, 1, 2),
(3, 9, 221, 1, 2),
(5, 1, 137, 1, 1),
(5, 7, 188, 3, 2),
(1, 11, 200, 2, 1),
(2, 2, 86, 1, 2),
(3, 3, 11, 2, 1),
(5, 4, 64, 2, 1),
(3, 3, 96, 1, 1),
(4, 8, 131, 1, 1),
(3, 8, 138, 1, 2),
(2, 3, 37, 3, 2),
(1, 11, 212, 2, 1),
(4, 10, 60, 2, 2),
(2, 10, 83, 2, 2),
(5, 7, 14, 3, 1),
(4, 1, 13, 2, 2),
(5, 10, 113, 3, 2),
(5, 4, 71, 2, 2),
(2, 3, 175, 2, 2),
(1, 5, 103, 1, 1),
(1, 9, 139, 1, 1),
(5, 5, 122, 2, 2),
(1, 10, 89, 3, 1),
(5, 7, 88, 2, 1),
(4, 7, 216, 2, 1),
(1, 2, 178, 2, 1),
(2, 1, 77, 1, 1),
(2, 8, 11, 2, 2),
(5, 3, 80, 2, 1),
(4, 5, 39, 2, 2),
(5, 7, 219, 1, 1),
(3, 7, 36, 2, 1),
(3, 5, 1, 1, 2),
(2, 5, 212, 1, 1),
(4, 10, 101, 1, 1),
(5, 9, 237, 1, 2),
(5, 10, 207, 2, 2),
(4, 5, 3, 3, 2),
(4, 9, 129, 3, 2),
(2, 1, 102, 2, 1),
(4, 7, 144, 1, 2),
(1, 9, 81, 2, 1),
(4, 8, 166, 3, 2),
(3, 8, 181, 2, 2),
(4, 5, 24, 3, 1),
(2, 6, 184, 1, 1),
(3, 3, 106, 2, 2),
(4, 11, 121, 2, 1),
(2, 10, 130, 2, 1),
(5, 1, 166, 3, 1),
(1, 6, 228, 2, 1),
(5, 9, 151, 1, 2),
(4, 8, 225, 3, 2),
(1, 5, 173, 2, 1),
(1, 6, 140, 2, 1),
(5, 11, 237, 3, 1),
(3, 2, 54, 2, 2),
(3, 6, 187, 1, 1),
(5, 6, 131, 3, 2),
(5, 9, 223, 2, 1),
(1, 2, 17, 1, 2),
(5, 2, 195, 3, 1),
(3, 9, 240, 1, 2),
(4, 2, 71, 2, 1),
(3, 10, 214, 2, 1),
(4, 6, 80, 1, 2),
(1, 5, 138, 2, 2),
(5, 2, 47, 3, 2),
(2, 1, 224, 2, 1),
(5, 8, 141, 2, 2),
(2, 8, 200, 3, 1),
(4, 4, 151, 3, 2),
(3, 8, 33, 3, 2),
(1, 3, 239, 2, 1),
(3, 11, 219, 2, 1),
(5, 10, 235, 3, 2),
(3, 4, 95, 1, 2),
(3, 8, 115, 2, 1),
(4, 6, 85, 1, 1),
(3, 8, 232, 1, 2),
(2, 8, 176, 3, 1),
(1, 8, 213, 1, 2),
(5, 11, 154, 1, 2),
(1, 5, 87, 2, 2),
(3, 10, 11, 2, 2),
(5, 9, 82, 2, 2),
(5, 11, 110, 1, 1),
(2, 8, 1, 1, 2),
(3, 3, 134, 2, 1),
(3, 7, 103, 1, 2),
(3, 7, 212, 3, 2),
(5, 10, 130, 1, 2),
(2, 11, 51, 3, 2),
(4, 7, 146, 3, 1),
(3, 10, 118, 2, 2),
(4, 5, 28, 3, 2),
(3, 8, 43, 1, 1),
(4, 1, 183, 3, 2),
(1, 1, 128, 1, 1),
(5, 9, 49, 1, 2),
(3, 11, 37, 1, 2),
(4, 1, 238, 1, 1),
(5, 1, 80, 1, 2),
(1, 3, 39, 3, 1),
(5, 8, 20, 1, 1),
(2, 9, 163, 1, 2),
(5, 2, 50, 3, 2),
(3, 4, 154, 3, 1),
(5, 2, 149, 1, 1),
(5, 5, 191, 1, 1),
(5, 8, 25, 1, 2),
(2, 9, 172, 1, 1),
(2, 7, 166, 3, 2),
(2, 10, 108, 3, 2),
(5, 7, 8, 3, 1),
(1, 7, 203, 3, 2),
(3, 11, 97, 3, 1),
(1, 2, 214, 2, 1),
(4, 10, 189, 3, 1),
(1, 6, 106, 2, 2),
(5, 2, 97, 2, 1),
(4, 8, 210, 3, 1),
(2, 6, 232, 3, 2),
(5, 9, 236, 2, 2),
(1, 9, 54, 1, 2),
(3, 7, 212, 1, 1),
(1, 5, 26, 1, 2),
(4, 7, 40, 1, 1),
(2, 6, 229, 1, 1),
(3, 3, 162, 1, 2),
(2, 10, 62, 1, 1),
(4, 6, 161, 3, 2),
(2, 6, 128, 1, 1),
(5, 11, 77, 3, 1),
(3, 7, 125, 1, 2),
(4, 10, 79, 3, 2),
(3, 10, 12, 1, 1),
(5, 2, 55, 2, 2),
(1, 2, 178, 1, 2),
(4, 10, 73, 1, 1),
(3, 5, 64, 1, 1),
(1, 1, 136, 2, 1),
(4, 1, 120, 3, 1),
(2, 2, 56, 1, 1),
(2, 8, 73, 1, 1),
(4, 1, 219, 3, 1),
(4, 4, 182, 3, 1),
(3, 9, 7, 1, 1),
(2, 11, 7, 1, 2),
(3, 7, 236, 3, 1),
(3, 9, 44, 3, 1),
(3, 8, 155, 2, 2),
(4, 8, 151, 2, 1),
(4, 4, 125, 2, 2),
(3, 9, 14, 2, 1),
(3, 6, 210, 1, 1),
(1, 8, 51, 3, 1),
(5, 9, 123, 3, 2),
(3, 11, 21, 2, 2),
(3, 11, 84, 1, 2),
(5, 2, 38, 3, 1),
(1, 4, 117, 2, 2),
(3, 1, 75, 2, 1),
(1, 5, 127, 2, 2),
(3, 5, 68, 2, 1),
(3, 10, 58, 1, 1),
(5, 5, 20, 1, 1),
(5, 5, 119, 1, 1),
(1, 10, 127, 1, 1),
(4, 1, 122, 3, 2),
(3, 3, 121, 2, 2),
(2, 4, 144, 1, 2),
(1, 11, 139, 1, 2),
(4, 8, 15, 2, 1),
(1, 11, 104, 1, 1),
(4, 11, 227, 2, 1),
(4, 2, 101, 3, 1),
(5, 4, 37, 3, 1),
(1, 6, 96, 1, 1),
(1, 9, 98, 3, 1),
(1, 3, 222, 2, 2),
(5, 1, 184, 1, 2),
(1, 10, 35, 2, 1),
(3, 7, 24, 1, 1),
(1, 8, 131, 1, 1),
(1, 3, 92, 2, 2),
(3, 2, 165, 2, 2),
(5, 2, 228, 2, 2),
(3, 4, 190, 2, 2),
(4, 11, 150, 1, 2),
(2, 9, 222, 2, 2),
(1, 8, 133, 1, 2),
(3, 3, 83, 1, 2),
(3, 1, 103, 2, 1),
(4, 8, 80, 3, 2),
(5, 1, 29, 2, 1),
(1, 9, 31, 1, 1),
(1, 6, 219, 1, 2),
(4, 11, 105, 3, 1),
(2, 10, 155, 3, 2),
(3, 1, 122, 3, 1),
(1, 2, 88, 1, 2),
(3, 1, 63, 2, 1),
(1, 4, 106, 1, 2),
(2, 2, 223, 2, 1),
(2, 9, 140, 1, 1),
(4, 1, 4, 3, 2),
(4, 6, 17, 3, 2),
(4, 7, 83, 2, 2),
(1, 10, 185, 2, 1),
(3, 5, 240, 2, 1),
(1, 3, 240, 3, 1),
(5, 3, 221, 1, 1),
(3, 8, 230, 1, 2),
(1, 10, 66, 1, 1),
(5, 2, 100, 3, 1),
(4, 5, 209, 2, 2),
(3, 4, 123, 3, 2),
(1, 7, 21, 2, 2),
(3, 6, 84, 2, 1),
(5, 2, 234, 1, 1),
(3, 5, 168, 2, 1),
(4, 2, 217, 3, 2),
(4, 1, 210, 2, 2),
(5, 5, 2, 1, 2),
(2, 9, 56, 2, 2),
(3, 7, 41, 3, 2),
(2, 9, 67, 3, 2),
(4, 2, 168, 1, 2),
(4, 7, 42, 3, 2),
(4, 5, 79, 3, 1),
(1, 8, 154, 1, 1),
(3, 7, 60, 3, 2),
(5, 1, 25, 3, 2),
(5, 5, 209, 1, 1),
(2, 7, 170, 2, 1),
(2, 7, 165, 3, 1),
(4, 10, 60, 3, 1),
(1, 8, 55, 3, 1),
(5, 2, 148, 1, 2),
(3, 5, 233, 2, 2),
(4, 9, 116, 3, 1),
(2, 2, 125, 2, 2),
(3, 11, 120, 3, 1),
(2, 1, 184, 2, 1),
(1, 6, 162, 2, 2),
(1, 11, 127, 1, 2),
(3, 9, 61, 2, 2),
(1, 11, 56, 1, 2),
(5, 3, 106, 1, 2),
(5, 2, 192, 1, 2),
(1, 10, 43, 1, 2),
(1, 10, 84, 1, 1),
(5, 8, 183, 2, 2),
(3, 4, 222, 3, 1),
(4, 1, 55, 2, 2),
(2, 2, 41, 1, 2),
(2, 2, 97, 1, 2),
(4, 1, 118, 1, 2),
(2, 6, 114, 2, 2),
(3, 4, 83, 3, 1),
(2, 3, 87, 2, 1),
(4, 2, 131, 1, 2),
(1, 4, 124, 2, 2),
(2, 9, 24, 2, 1),
(3, 2, 89, 1, 2),
(4, 7, 82, 1, 2),
(1, 4, 227, 3, 1),
(3, 2, 227, 2, 1),
(5, 1, 189, 1, 1),
(3, 4, 203, 1, 2),
(2, 3, 53, 1, 1),
(5, 11, 54, 2, 1),
(5, 11, 115, 2, 1),
(5, 3, 183, 2, 1),
(2, 4, 202, 2, 1),
(3, 11, 171, 2, 2),
(3, 5, 179, 2, 2),
(5, 6, 56, 3, 2),
(4, 4, 124, 1, 1),
(5, 1, 157, 2, 2),
(5, 4, 178, 2, 1),
(3, 3, 106, 3, 2),
(2, 8, 237, 3, 1),
(5, 1, 70, 2, 1),
(1, 8, 102, 3, 1),
(3, 7, 56, 2, 1),
(1, 5, 80, 3, 1),
(5, 4, 166, 1, 2),
(3, 3, 23, 2, 2),
(5, 6, 104, 2, 1),
(3, 7, 221, 1, 2),
(5, 6, 146, 3, 2),
(3, 9, 44, 3, 2),
(1, 1, 21, 3, 2),
(1, 10, 156, 2, 1),
(2, 4, 12, 2, 1),
(1, 6, 238, 2, 2),
(1, 2, 65, 2, 1),
(1, 10, 167, 1, 1),
(5, 5, 92, 2, 1),
(2, 1, 66, 1, 2),
(5, 1, 87, 3, 2),
(5, 7, 189, 3, 2),
(1, 10, 211, 3, 1),
(5, 2, 198, 2, 2),
(1, 7, 26, 3, 1),
(1, 9, 7, 1, 2),
(3, 8, 100, 3, 1),
(4, 3, 8, 3, 2),
(3, 2, 101, 3, 1),
(3, 4, 26, 2, 2),
(2, 8, 147, 1, 1),
(4, 1, 173, 2, 1),
(4, 9, 130, 2, 1),
(3, 3, 233, 1, 2),
(2, 11, 207, 2, 2),
(4, 11, 160, 3, 1),
(3, 4, 141, 3, 1),
(1, 10, 40, 3, 2),
(4, 4, 5, 2, 1),
(5, 7, 137, 3, 1),
(1, 6, 20, 3, 2),
(1, 10, 195, 1, 2),
(4, 10, 65, 1, 2),
(2, 2, 215, 3, 2),
(1, 3, 40, 2, 2),
(2, 2, 129, 3, 1),
(5, 2, 67, 1, 2),
(3, 3, 183, 3, 2),
(2, 7, 204, 1, 2),
(5, 2, 66, 3, 2),
(2, 1, 230, 2, 2),
(3, 9, 185, 2, 1),
(1, 11, 166, 2, 2),
(4, 10, 238, 2, 1),
(1, 1, 53, 2, 1),
(3, 6, 204, 3, 1),
(1, 7, 158, 1, 2),
(5, 1, 16, 2, 2),
(2, 7, 217, 2, 2),
(1, 8, 143, 2, 2),
(5, 3, 176, 1, 1),
(4, 7, 218, 3, 2),
(5, 6, 42, 1, 2),
(1, 5, 86, 2, 2),
(5, 8, 132, 2, 2),
(2, 8, 48, 1, 2),
(1, 10, 123, 1, 1),
(1, 10, 171, 2, 2),
(4, 3, 22, 2, 1),
(4, 5, 231, 2, 1),
(5, 6, 79, 3, 1),
(5, 4, 183, 1, 1),
(2, 5, 128, 3, 2),
(4, 4, 147, 2, 2),
(3, 3, 238, 3, 2),
(5, 7, 103, 1, 2),
(3, 6, 100, 2, 1),
(4, 8, 33, 3, 1),
(3, 11, 15, 1, 2),
(1, 4, 240, 2, 1),
(1, 11, 169, 2, 2),
(5, 1, 180, 1, 2),
(4, 2, 133, 2, 2),
(1, 11, 89, 3, 1),
(2, 11, 29, 2, 2),
(1, 9, 239, 1, 1),
(2, 8, 15, 2, 2),
(3, 11, 12, 3, 1),
(4, 4, 87, 1, 2),
(3, 7, 197, 2, 2),
(4, 4, 145, 3, 1),
(5, 7, 124, 1, 1),
(3, 3, 155, 2, 2),
(4, 6, 121, 2, 2),
(2, 10, 41, 2, 2),
(2, 6, 20, 2, 2),
(4, 2, 158, 3, 1),
(3, 7, 17, 2, 1),
(5, 1, 173, 3, 2),
(5, 7, 63, 2, 2),
(5, 10, 166, 2, 2),
(4, 8, 60, 1, 1),
(5, 3, 70, 3, 1),
(5, 9, 127, 1, 1),
(3, 1, 160, 2, 1),
(5, 7, 227, 1, 2),
(2, 5, 220, 2, 1),
(1, 11, 180, 1, 2),
(1, 4, 26, 1, 1),
(5, 11, 146, 1, 2),
(3, 2, 72, 1, 2),
(3, 6, 179, 1, 2),
(4, 8, 172, 1, 1),
(3, 10, 96, 2, 1),
(1, 9, 94, 2, 1),
(5, 7, 50, 2, 2),
(1, 7, 177, 2, 1),
(3, 5, 102, 1, 1),
(1, 9, 98, 2, 2),
(2, 11, 31, 2, 1),
(1, 9, 145, 1, 2),
(3, 7, 177, 3, 1),
(3, 9, 121, 3, 1),
(2, 5, 193, 2, 2),
(1, 2, 95, 1, 2),
(2, 9, 217, 2, 2),
(4, 8, 27, 1, 2),
(5, 5, 219, 1, 2),
(4, 11, 223, 2, 2),
(2, 3, 74, 1, 1),
(4, 8, 201, 2, 2),
(5, 11, 61, 1, 1),
(5, 3, 113, 2, 2),
(2, 3, 211, 2, 2),
(1, 10, 20, 3, 2),
(5, 7, 211, 3, 2),
(1, 7, 177, 3, 1),
(5, 5, 102, 3, 2),
(5, 7, 131, 2, 1),
(2, 5, 156, 2, 1),
(1, 3, 11, 2, 2),
(3, 5, 164, 3, 1),
(2, 4, 211, 1, 2),
(5, 5, 66, 3, 2),
(4, 9, 125, 1, 2),
(3, 3, 8, 2, 1),
(4, 3, 233, 3, 2),
(5, 7, 129, 1, 2),
(3, 1, 135, 2, 2),
(3, 7, 227, 1, 1),
(5, 8, 126, 3, 1),
(1, 8, 116, 1, 1),
(3, 10, 204, 3, 1),
(4, 8, 128, 1, 1),
(3, 6, 59, 1, 2),
(3, 10, 238, 3, 2),
(2, 11, 2, 3, 2),
(2, 6, 125, 1, 1),
(4, 3, 163, 3, 2),
(4, 10, 198, 2, 2),
(2, 1, 231, 1, 1),
(4, 8, 159, 3, 2),
(5, 11, 202, 1, 2),
(1, 7, 42, 1, 1),
(2, 8, 15, 1, 2),
(1, 9, 143, 1, 2),
(3, 4, 186, 1, 2),
(3, 5, 196, 1, 1),
(1, 6, 197, 2, 2),
(2, 9, 114, 3, 2),
(2, 9, 149, 1, 1),
(2, 9, 240, 3, 1),
(4, 1, 219, 3, 1),
(2, 9, 191, 2, 1),
(4, 11, 5, 3, 2),
(4, 11, 103, 2, 2),
(2, 10, 104, 2, 2),
(3, 3, 75, 2, 2),
(1, 3, 67, 3, 2),
(3, 3, 139, 1, 2),
(2, 3, 113, 3, 2),
(5, 7, 235, 3, 2),
(3, 5, 31, 3, 1),
(1, 3, 186, 3, 2),
(2, 1, 227, 1, 2),
(3, 5, 38, 2, 1),
(5, 4, 36, 1, 1),
(4, 7, 54, 2, 1),
(1, 9, 139, 3, 1),
(3, 10, 158, 2, 2),
(4, 2, 1, 3, 1),
(2, 7, 156, 1, 2),
(1, 1, 29, 3, 2),
(5, 6, 64, 1, 1),
(5, 6, 210, 3, 1),
(4, 7, 12, 2, 1),
(4, 4, 107, 1, 2),
(5, 6, 100, 1, 2),
(2, 3, 132, 2, 1),
(1, 3, 10, 3, 1),
(4, 1, 201, 2, 1),
(1, 5, 115, 1, 2),
(5, 2, 217, 2, 1),
(2, 11, 1, 2, 1),
(4, 3, 194, 1, 1),
(3, 3, 44, 3, 1),
(2, 4, 108, 1, 1),
(2, 11, 62, 3, 1),
(2, 5, 225, 1, 1),
(4, 5, 157, 1, 2),
(5, 6, 80, 3, 1),
(4, 7, 17, 2, 2),
(1, 11, 233, 2, 2),
(1, 2, 198, 1, 2),
(1, 5, 197, 2, 1),
(5, 5, 152, 1, 1),
(4, 6, 41, 1, 1),
(1, 8, 51, 1, 1),
(2, 8, 161, 3, 2),
(5, 6, 12, 2, 1),
(5, 5, 214, 2, 2),
(2, 4, 97, 3, 2),
(4, 2, 217, 3, 2),
(4, 1, 105, 2, 2),
(2, 11, 111, 1, 1),
(1, 8, 117, 3, 2),
(3, 11, 238, 2, 2),
(2, 3, 87, 3, 1),
(1, 11, 217, 3, 1),
(3, 1, 147, 3, 2),
(3, 6, 214, 1, 1),
(2, 11, 117, 2, 1),
(5, 2, 152, 2, 1),
(3, 3, 49, 1, 2),
(5, 3, 117, 3, 2),
(4, 2, 8, 3, 1),
(1, 3, 91, 3, 1),
(2, 4, 156, 3, 2),
(4, 2, 204, 1, 1),
(1, 1, 180, 3, 2),
(4, 8, 163, 1, 2),
(5, 5, 161, 2, 2),
(3, 1, 110, 3, 2),
(2, 3, 111, 1, 2),
(5, 10, 128, 1, 2),
(3, 4, 30, 2, 2),
(1, 6, 160, 1, 1),
(2, 6, 222, 2, 2),
(2, 1, 75, 1, 1),
(2, 7, 184, 3, 1),
(5, 10, 84, 1, 1),
(3, 1, 103, 2, 1),
(2, 3, 214, 3, 1),
(1, 6, 211, 1, 2),
(1, 4, 63, 2, 1),
(3, 1, 164, 1, 1),
(5, 8, 160, 2, 2),
(4, 5, 142, 1, 2),
(2, 2, 156, 1, 1),
(4, 1, 187, 3, 1),
(3, 2, 150, 2, 1),
(5, 10, 44, 1, 2),
(5, 11, 53, 1, 2),
(5, 11, 202, 1, 2),
(5, 9, 116, 1, 1),
(1, 3, 157, 1, 1),
(5, 11, 202, 1, 2),
(4, 11, 167, 2, 2),
(5, 8, 72, 3, 1),
(1, 5, 220, 1, 2),
(5, 9, 100, 2, 1),
(1, 5, 65, 3, 1),
(5, 10, 88, 1, 2),
(2, 2, 65, 3, 2),
(4, 8, 193, 3, 2),
(4, 10, 124, 2, 1),
(5, 3, 229, 1, 2),
(4, 4, 127, 3, 2),
(1, 4, 223, 1, 1),
(4, 10, 60, 1, 1),
(1, 2, 106, 2, 1),
(1, 7, 41, 1, 1),
(3, 9, 186, 3, 2),
(5, 1, 168, 2, 2),
(3, 4, 156, 1, 1),
(5, 11, 79, 1, 2),
(4, 9, 109, 2, 1),
(4, 8, 170, 3, 1),
(5, 2, 167, 1, 2),
(5, 1, 23, 2, 2),
(2, 3, 44, 2, 2),
(2, 8, 44, 2, 2),
(2, 4, 55, 1, 2),
(3, 8, 112, 2, 2),
(4, 8, 233, 2, 1),
(4, 9, 113, 2, 2),
(5, 7, 127, 2, 2),
(4, 7, 8, 2, 1),
(1, 1, 95, 3, 1),
(5, 1, 154, 3, 2),
(5, 8, 63, 1, 2),
(5, 1, 134, 3, 2),
(4, 4, 14, 3, 1),
(3, 7, 234, 2, 1),
(5, 6, 191, 1, 2),
(4, 2, 236, 3, 2),
(3, 1, 196, 2, 2),
(2, 4, 113, 2, 1),
(2, 1, 83, 1, 2),
(2, 8, 71, 2, 2),
(4, 5, 46, 2, 1),
(3, 3, 204, 1, 2),
(3, 3, 211, 1, 1),
(5, 2, 94, 1, 1),
(3, 11, 50, 1, 2),
(5, 11, 40, 2, 2),
(2, 11, 232, 1, 1),
(4, 4, 88, 1, 1),
(5, 11, 165, 1, 1),
(4, 4, 237, 1, 2),
(4, 4, 26, 1, 1),
(5, 2, 192, 2, 1),
(5, 8, 206, 3, 1),
(3, 11, 164, 3, 2),
(5, 4, 35, 1, 2),
(4, 6, 103, 3, 1),
(5, 9, 95, 3, 2),
(5, 4, 228, 3, 1),
(4, 1, 189, 3, 2),
(1, 9, 65, 1, 1),
(4, 4, 105, 1, 1),
(1, 5, 209, 2, 2),
(5, 5, 33, 3, 2),
(4, 3, 150, 3, 2),
(2, 9, 75, 1, 2),
(2, 4, 156, 1, 2),
(1, 7, 232, 3, 2),
(1, 1, 125, 3, 1),
(1, 3, 47, 3, 2),
(4, 7, 52, 3, 1),
(2, 8, 106, 1, 2),
(3, 3, 147, 3, 2),
(2, 1, 12, 2, 1),
(1, 11, 83, 3, 2),
(1, 2, 4, 1, 1),
(2, 3, 182, 2, 2),
(1, 5, 117, 1, 2),
(2, 4, 95, 3, 2),
(4, 11, 85, 2, 1),
(1, 11, 70, 2, 1),
(2, 10, 79, 1, 1),
(1, 1, 16, 1, 2),
(1, 2, 54, 2, 2),
(5, 3, 70, 3, 1),
(5, 11, 216, 1, 2),
(3, 7, 220, 2, 2),
(1, 6, 214, 1, 1),
(5, 9, 218, 3, 1),
(3, 5, 75, 2, 2),
(5, 10, 165, 2, 2),
(2, 10, 122, 2, 2),
(3, 9, 11, 3, 1);
INSERT INTO `grades` (`value`, `subjects_id_fk`, `students_id_fk`, `grade_type`, `semestar`) VALUES
(1, 7, 82, 3, 2),
(3, 5, 202, 3, 2),
(4, 8, 88, 3, 1),
(1, 4, 207, 3, 2),
(4, 7, 140, 3, 2),
(2, 6, 116, 1, 1),
(4, 1, 98, 2, 2),
(5, 3, 194, 3, 1),
(3, 10, 235, 2, 2),
(3, 11, 209, 2, 2),
(4, 3, 128, 1, 2),
(3, 9, 234, 2, 1),
(4, 5, 195, 2, 1),
(1, 8, 149, 3, 1),
(5, 11, 103, 3, 2),
(3, 1, 150, 1, 2),
(4, 8, 156, 1, 2),
(5, 11, 125, 3, 1),
(3, 11, 107, 1, 1),
(4, 3, 227, 2, 2),
(1, 7, 235, 3, 2),
(5, 5, 182, 1, 2),
(2, 7, 232, 1, 2),
(1, 2, 127, 1, 2),
(3, 2, 206, 3, 1),
(4, 1, 38, 3, 2),
(4, 11, 210, 3, 1),
(2, 5, 146, 2, 2),
(2, 9, 59, 3, 1),
(4, 11, 59, 1, 1),
(3, 7, 186, 3, 1),
(5, 5, 197, 2, 2),
(3, 2, 100, 3, 1),
(4, 2, 229, 3, 2),
(3, 6, 35, 3, 1),
(2, 1, 199, 1, 2),
(3, 6, 43, 2, 2),
(5, 5, 45, 1, 1),
(2, 10, 122, 1, 2),
(1, 9, 208, 1, 2),
(4, 4, 120, 1, 1),
(4, 8, 174, 2, 1),
(1, 8, 157, 3, 1),
(3, 9, 111, 3, 1),
(5, 8, 167, 2, 1),
(5, 9, 100, 2, 1),
(3, 2, 156, 2, 1),
(1, 5, 33, 2, 2),
(3, 6, 152, 1, 1),
(2, 5, 150, 1, 2),
(5, 2, 220, 1, 1),
(5, 2, 93, 2, 1),
(1, 1, 217, 3, 2),
(4, 2, 193, 2, 1),
(2, 10, 223, 2, 1),
(2, 2, 35, 3, 2),
(1, 10, 5, 3, 1),
(3, 4, 146, 2, 1),
(2, 5, 221, 3, 2),
(5, 3, 58, 2, 2),
(1, 2, 146, 2, 1),
(3, 2, 19, 1, 1),
(2, 3, 71, 1, 1),
(3, 7, 90, 2, 2),
(5, 4, 215, 2, 2),
(2, 4, 53, 3, 1),
(4, 10, 9, 2, 1),
(4, 1, 86, 2, 1),
(4, 11, 148, 2, 2),
(5, 2, 184, 1, 1),
(5, 9, 51, 2, 2),
(5, 8, 124, 1, 1),
(3, 5, 132, 2, 2),
(5, 1, 135, 1, 2),
(4, 6, 86, 2, 2),
(5, 8, 145, 1, 2),
(3, 10, 151, 2, 2),
(3, 3, 38, 3, 2),
(4, 1, 236, 2, 2),
(5, 4, 6, 3, 1),
(5, 6, 220, 3, 2),
(1, 9, 159, 3, 2),
(5, 10, 202, 1, 1),
(5, 7, 40, 3, 1),
(2, 10, 212, 3, 2),
(5, 2, 204, 1, 2),
(5, 8, 70, 2, 2),
(1, 6, 123, 2, 1),
(2, 3, 143, 2, 2),
(5, 9, 130, 2, 1),
(3, 6, 54, 1, 2),
(3, 2, 156, 2, 1),
(3, 10, 113, 1, 2),
(1, 2, 101, 3, 2),
(4, 4, 2, 2, 1),
(1, 8, 212, 1, 2),
(5, 9, 105, 2, 1),
(2, 3, 182, 1, 2),
(3, 6, 94, 3, 1),
(1, 4, 188, 1, 1),
(4, 6, 213, 1, 2),
(4, 10, 225, 3, 2),
(2, 9, 201, 2, 1),
(2, 11, 195, 1, 1),
(5, 8, 78, 3, 1),
(1, 6, 160, 2, 1),
(3, 4, 10, 1, 2),
(3, 2, 28, 3, 2),
(2, 7, 82, 1, 2),
(1, 6, 146, 2, 1),
(4, 5, 18, 2, 1),
(2, 2, 94, 2, 1),
(4, 1, 162, 3, 1),
(4, 5, 159, 1, 2),
(5, 2, 97, 3, 1),
(4, 1, 231, 2, 2),
(2, 5, 210, 3, 1),
(1, 9, 94, 2, 2),
(2, 7, 143, 3, 1),
(5, 2, 98, 2, 2),
(3, 1, 196, 3, 2),
(1, 5, 197, 3, 1),
(3, 4, 161, 2, 2),
(1, 7, 84, 3, 1),
(1, 10, 131, 3, 1),
(1, 8, 10, 3, 1),
(1, 4, 129, 2, 2),
(5, 2, 177, 1, 1),
(3, 7, 152, 2, 2),
(1, 2, 12, 1, 1),
(4, 3, 218, 1, 1),
(1, 6, 51, 3, 2),
(3, 2, 34, 3, 1),
(1, 6, 219, 3, 2),
(2, 1, 16, 2, 2),
(4, 7, 208, 3, 2),
(3, 8, 108, 2, 1),
(3, 10, 97, 1, 2),
(2, 5, 89, 3, 2),
(2, 3, 177, 2, 2),
(3, 10, 18, 3, 2),
(1, 9, 49, 3, 2),
(3, 6, 53, 1, 1),
(5, 4, 37, 2, 2),
(5, 7, 87, 3, 1),
(4, 11, 80, 2, 2),
(5, 7, 28, 1, 2),
(5, 2, 49, 1, 1),
(1, 7, 239, 2, 2),
(2, 5, 232, 3, 1),
(2, 2, 229, 3, 2),
(5, 7, 73, 1, 2),
(2, 7, 8, 2, 2),
(4, 6, 91, 1, 1),
(1, 5, 70, 1, 2),
(5, 6, 88, 1, 1),
(5, 3, 218, 1, 2),
(3, 3, 192, 1, 1),
(5, 2, 199, 1, 1),
(1, 6, 80, 1, 2),
(5, 3, 84, 1, 2),
(3, 5, 102, 1, 2),
(4, 7, 229, 3, 2),
(4, 1, 83, 3, 1),
(1, 3, 98, 3, 1),
(5, 11, 105, 1, 2),
(1, 3, 201, 3, 1),
(5, 9, 42, 2, 1),
(1, 1, 7, 2, 2),
(2, 5, 68, 2, 1),
(2, 2, 238, 2, 1),
(5, 7, 214, 3, 2),
(5, 1, 110, 1, 1),
(4, 3, 39, 2, 2),
(3, 6, 199, 2, 2),
(5, 9, 161, 1, 2),
(2, 6, 74, 3, 2),
(4, 1, 21, 3, 1),
(1, 1, 221, 3, 1),
(4, 8, 227, 1, 1),
(4, 7, 177, 3, 1),
(4, 7, 215, 2, 1),
(4, 11, 31, 3, 1),
(2, 10, 19, 3, 2),
(1, 8, 140, 1, 2),
(5, 2, 191, 3, 1),
(1, 3, 13, 3, 2),
(1, 5, 48, 3, 2),
(4, 8, 139, 3, 2),
(3, 5, 118, 2, 2),
(5, 10, 29, 2, 2),
(5, 10, 188, 3, 2),
(1, 2, 202, 1, 1),
(1, 6, 106, 1, 1),
(4, 5, 220, 3, 2),
(2, 3, 78, 1, 1),
(5, 9, 113, 3, 1),
(4, 10, 7, 3, 1),
(2, 4, 17, 1, 2),
(5, 9, 158, 3, 2),
(3, 11, 119, 1, 2),
(5, 5, 15, 2, 1),
(5, 9, 43, 2, 2),
(4, 4, 54, 2, 1),
(1, 3, 129, 1, 1),
(5, 3, 164, 1, 1),
(2, 4, 127, 2, 2),
(4, 5, 151, 1, 2),
(3, 11, 174, 3, 1),
(4, 2, 225, 2, 1),
(4, 9, 74, 3, 2),
(3, 7, 6, 1, 1),
(1, 2, 24, 1, 1),
(3, 10, 176, 3, 1),
(3, 11, 204, 3, 2),
(3, 9, 26, 3, 1),
(3, 9, 184, 3, 2),
(4, 9, 92, 3, 2),
(3, 9, 141, 3, 2),
(3, 5, 130, 1, 2),
(5, 1, 238, 1, 2),
(3, 5, 26, 1, 1),
(1, 9, 99, 1, 1),
(3, 11, 224, 3, 1),
(4, 5, 212, 3, 1),
(4, 2, 142, 1, 2),
(5, 5, 32, 2, 1),
(1, 5, 196, 3, 1),
(2, 11, 159, 3, 1),
(2, 6, 235, 2, 1),
(3, 10, 115, 2, 2),
(3, 2, 34, 2, 1),
(5, 6, 51, 2, 1),
(1, 8, 85, 3, 1),
(3, 5, 134, 3, 1),
(2, 4, 101, 2, 1),
(1, 10, 183, 2, 1),
(5, 4, 240, 1, 2),
(5, 6, 192, 3, 1),
(4, 10, 62, 1, 1),
(5, 9, 230, 2, 2),
(5, 1, 6, 3, 2),
(1, 11, 15, 2, 1),
(5, 2, 80, 1, 2),
(2, 5, 1, 3, 1),
(2, 10, 61, 1, 1),
(3, 4, 153, 3, 2),
(5, 7, 217, 1, 1),
(2, 7, 168, 1, 1),
(2, 3, 110, 1, 1),
(4, 3, 65, 1, 1),
(4, 8, 193, 3, 2),
(5, 7, 155, 2, 2),
(2, 8, 76, 1, 1),
(2, 4, 211, 1, 1),
(3, 8, 236, 2, 2),
(2, 6, 198, 1, 2),
(3, 1, 187, 1, 1),
(2, 4, 92, 3, 2),
(1, 4, 37, 1, 2),
(2, 9, 186, 1, 1),
(2, 2, 123, 2, 1),
(4, 10, 9, 2, 1),
(4, 9, 12, 3, 2),
(1, 5, 97, 2, 2),
(5, 9, 52, 1, 1),
(3, 5, 139, 3, 1),
(4, 3, 60, 3, 2),
(2, 2, 93, 3, 1),
(2, 4, 38, 3, 1),
(1, 2, 239, 1, 2),
(2, 1, 122, 3, 1),
(4, 7, 92, 3, 1),
(1, 8, 53, 3, 1),
(3, 3, 34, 1, 2),
(4, 11, 233, 1, 2),
(5, 3, 93, 1, 2),
(2, 6, 180, 1, 2),
(4, 2, 211, 3, 2),
(4, 8, 105, 1, 2),
(4, 1, 151, 2, 1),
(2, 10, 162, 3, 1),
(5, 9, 63, 2, 2),
(4, 10, 71, 2, 1),
(2, 2, 197, 2, 2),
(5, 7, 85, 3, 2),
(2, 10, 233, 3, 2),
(4, 4, 172, 1, 1),
(5, 10, 16, 1, 2),
(2, 8, 13, 2, 1),
(1, 2, 232, 2, 1),
(2, 5, 45, 3, 2),
(5, 1, 78, 1, 2),
(5, 11, 219, 2, 1),
(5, 9, 51, 2, 2),
(5, 11, 130, 1, 1),
(4, 5, 143, 3, 2),
(2, 8, 88, 3, 2),
(5, 2, 34, 2, 2),
(4, 8, 128, 2, 2),
(2, 10, 89, 1, 2),
(1, 10, 99, 1, 1),
(5, 6, 215, 1, 1),
(4, 8, 189, 1, 2),
(2, 9, 207, 1, 2),
(1, 3, 72, 2, 2),
(1, 1, 137, 2, 2),
(5, 5, 208, 1, 2),
(5, 8, 92, 1, 1),
(1, 9, 9, 2, 1),
(4, 2, 222, 1, 1),
(2, 9, 155, 1, 1),
(5, 3, 145, 2, 2),
(2, 3, 40, 3, 1),
(1, 8, 142, 3, 2),
(2, 7, 139, 1, 2),
(4, 7, 38, 1, 2),
(4, 9, 237, 1, 1),
(4, 11, 194, 3, 1),
(2, 9, 81, 1, 1),
(3, 7, 31, 3, 2),
(3, 10, 99, 1, 2),
(2, 5, 5, 1, 1),
(4, 3, 154, 3, 2),
(2, 9, 166, 2, 2),
(5, 1, 127, 1, 1),
(4, 9, 11, 1, 1),
(5, 1, 135, 2, 2),
(2, 6, 34, 1, 2),
(4, 7, 104, 2, 1),
(3, 9, 20, 2, 1),
(5, 6, 200, 1, 1),
(4, 9, 145, 2, 1),
(4, 5, 86, 3, 2),
(3, 10, 203, 2, 2),
(5, 8, 54, 2, 2),
(4, 3, 12, 2, 2),
(2, 3, 119, 3, 1),
(4, 4, 28, 1, 2),
(4, 3, 74, 2, 2),
(1, 8, 237, 3, 2),
(1, 8, 113, 2, 2),
(2, 1, 20, 2, 2),
(1, 8, 227, 2, 2),
(1, 2, 114, 3, 1),
(1, 4, 85, 3, 1),
(3, 4, 85, 3, 1),
(2, 3, 51, 1, 1),
(1, 4, 149, 3, 1),
(1, 11, 76, 3, 2),
(2, 11, 49, 3, 1),
(2, 9, 164, 2, 2),
(1, 6, 162, 1, 2),
(5, 5, 45, 1, 1),
(5, 3, 129, 3, 1),
(5, 5, 75, 2, 1),
(1, 6, 17, 3, 1),
(5, 7, 77, 1, 1),
(2, 3, 157, 2, 2),
(2, 5, 183, 2, 1),
(5, 1, 25, 2, 1),
(1, 9, 20, 1, 2),
(4, 5, 159, 2, 2),
(1, 8, 11, 1, 1),
(1, 4, 174, 1, 2),
(2, 9, 98, 1, 2),
(5, 9, 163, 3, 1),
(4, 9, 84, 1, 2),
(1, 5, 30, 2, 1),
(5, 4, 150, 3, 1),
(1, 3, 134, 3, 2),
(2, 9, 8, 2, 1),
(3, 10, 126, 3, 2),
(3, 2, 195, 1, 2),
(5, 4, 84, 1, 2),
(5, 9, 100, 1, 2),
(3, 3, 168, 3, 2),
(5, 9, 202, 2, 1),
(3, 2, 225, 2, 2),
(4, 5, 54, 1, 2),
(5, 10, 235, 2, 1),
(4, 11, 87, 3, 2),
(1, 6, 95, 1, 1),
(4, 3, 59, 1, 2),
(4, 6, 205, 3, 1),
(1, 4, 54, 3, 2),
(1, 7, 112, 1, 2),
(5, 6, 58, 1, 1),
(5, 11, 47, 3, 1),
(1, 2, 64, 2, 1),
(3, 4, 141, 3, 1),
(5, 10, 212, 3, 1),
(2, 7, 37, 3, 1),
(3, 11, 72, 1, 2),
(5, 7, 29, 1, 1),
(4, 9, 67, 1, 1),
(5, 3, 57, 2, 1),
(2, 5, 216, 3, 1),
(2, 5, 149, 2, 2),
(4, 10, 235, 3, 1),
(3, 5, 41, 1, 2),
(1, 11, 21, 1, 1),
(2, 9, 36, 3, 2),
(1, 10, 224, 3, 1),
(1, 10, 180, 3, 1),
(1, 6, 98, 3, 2),
(3, 7, 93, 1, 2),
(1, 5, 161, 1, 1),
(3, 9, 185, 3, 2),
(5, 1, 39, 3, 2),
(2, 8, 93, 1, 2),
(3, 7, 185, 3, 1),
(2, 1, 220, 3, 2),
(4, 4, 170, 3, 2),
(3, 7, 86, 1, 2),
(2, 8, 81, 2, 2),
(4, 4, 50, 2, 1),
(1, 8, 72, 3, 1),
(5, 6, 131, 2, 2),
(4, 1, 86, 1, 2),
(1, 3, 9, 1, 1),
(2, 5, 172, 3, 2),
(5, 4, 237, 3, 2),
(4, 5, 220, 2, 1),
(3, 10, 78, 1, 2),
(3, 3, 36, 1, 1),
(2, 11, 122, 1, 2),
(1, 2, 40, 2, 1),
(5, 10, 30, 3, 2),
(4, 11, 8, 2, 2),
(3, 2, 62, 3, 1),
(5, 10, 233, 3, 1),
(4, 8, 109, 1, 2),
(1, 10, 34, 2, 1),
(3, 10, 199, 2, 1),
(4, 5, 49, 3, 2),
(2, 3, 201, 1, 1),
(5, 10, 32, 1, 1),
(2, 4, 140, 2, 1),
(1, 8, 231, 2, 1),
(5, 4, 113, 3, 1),
(4, 2, 167, 2, 2),
(3, 11, 91, 1, 1),
(2, 10, 33, 3, 1),
(1, 8, 194, 3, 1),
(5, 2, 106, 1, 2),
(3, 4, 152, 2, 1),
(2, 2, 9, 3, 1),
(1, 1, 170, 3, 1),
(3, 7, 195, 1, 1),
(1, 5, 210, 1, 1),
(1, 8, 211, 3, 2),
(5, 7, 160, 3, 1),
(1, 1, 218, 1, 2),
(2, 5, 8, 3, 2),
(1, 1, 155, 2, 2),
(1, 8, 222, 3, 1),
(2, 2, 221, 2, 1),
(3, 2, 164, 2, 1),
(5, 2, 172, 1, 2),
(3, 5, 71, 3, 1),
(2, 2, 4, 2, 2),
(5, 9, 38, 1, 1),
(1, 9, 75, 3, 2),
(1, 5, 109, 1, 2),
(4, 8, 164, 2, 2),
(5, 3, 179, 3, 1),
(2, 5, 212, 3, 2),
(1, 5, 198, 1, 2),
(3, 2, 142, 3, 2),
(2, 11, 99, 1, 1),
(1, 6, 94, 3, 1),
(4, 8, 235, 1, 2),
(1, 3, 195, 1, 2),
(2, 6, 95, 3, 2),
(2, 6, 28, 2, 1),
(2, 10, 72, 2, 2),
(5, 8, 205, 3, 2),
(3, 7, 61, 1, 1),
(4, 3, 161, 1, 1),
(4, 9, 172, 1, 1),
(5, 10, 89, 2, 1),
(5, 3, 73, 1, 1),
(2, 9, 30, 2, 1),
(2, 8, 128, 3, 1),
(4, 9, 144, 2, 1),
(5, 7, 158, 3, 1),
(2, 10, 183, 2, 1),
(5, 2, 10, 2, 1),
(3, 4, 69, 1, 1),
(3, 3, 171, 2, 1),
(1, 4, 219, 3, 2),
(3, 7, 18, 3, 1),
(2, 9, 75, 3, 2),
(3, 3, 140, 2, 2),
(5, 11, 171, 2, 1),
(5, 3, 211, 2, 1),
(1, 5, 106, 1, 1),
(2, 2, 123, 3, 1),
(5, 8, 187, 3, 1),
(3, 5, 35, 3, 2),
(2, 7, 158, 2, 2),
(3, 6, 201, 2, 1),
(2, 7, 45, 2, 2),
(5, 5, 38, 2, 2),
(4, 10, 73, 3, 2),
(1, 3, 16, 1, 2),
(4, 7, 10, 2, 1),
(2, 5, 184, 2, 1),
(5, 9, 24, 3, 2),
(4, 3, 113, 2, 2),
(3, 10, 48, 1, 1),
(5, 3, 177, 2, 2),
(2, 8, 223, 2, 2),
(2, 3, 190, 3, 1),
(1, 4, 81, 2, 1),
(4, 5, 37, 1, 1),
(3, 8, 204, 3, 1),
(1, 9, 200, 2, 1),
(2, 6, 240, 1, 2),
(5, 11, 154, 3, 2),
(4, 5, 5, 2, 2),
(4, 9, 237, 2, 1),
(2, 4, 64, 3, 1),
(2, 2, 125, 3, 1),
(4, 4, 167, 1, 1),
(5, 9, 56, 3, 2),
(3, 11, 120, 2, 2),
(2, 4, 120, 2, 1),
(1, 11, 155, 3, 2),
(2, 9, 196, 1, 2),
(2, 4, 105, 1, 1),
(2, 11, 234, 1, 2),
(3, 2, 183, 2, 1),
(1, 4, 104, 3, 2),
(3, 3, 106, 1, 1),
(3, 6, 186, 1, 1),
(3, 10, 213, 3, 2),
(3, 7, 24, 1, 1),
(2, 6, 122, 3, 1),
(3, 3, 219, 3, 2),
(1, 6, 169, 1, 1),
(5, 6, 108, 2, 1),
(2, 3, 64, 1, 2),
(1, 8, 73, 3, 1),
(4, 11, 29, 2, 1),
(4, 4, 182, 2, 2),
(5, 6, 204, 1, 2),
(4, 7, 182, 3, 1),
(1, 3, 21, 3, 2),
(5, 9, 218, 1, 1),
(3, 1, 158, 1, 1),
(3, 10, 77, 1, 1),
(2, 5, 51, 2, 1),
(4, 5, 92, 2, 1),
(5, 7, 8, 1, 1),
(1, 1, 227, 3, 1),
(4, 4, 5, 2, 2),
(1, 3, 115, 1, 1),
(1, 7, 167, 1, 1),
(4, 5, 93, 2, 1),
(3, 6, 65, 1, 1),
(4, 4, 60, 1, 2),
(3, 10, 64, 3, 1),
(2, 5, 152, 2, 1),
(4, 1, 15, 2, 2),
(1, 3, 207, 3, 2),
(3, 1, 222, 1, 2),
(3, 2, 230, 3, 2),
(5, 4, 216, 3, 2),
(3, 3, 6, 2, 2),
(3, 4, 207, 1, 2),
(3, 8, 228, 1, 1),
(3, 3, 138, 3, 2),
(2, 5, 98, 3, 1),
(1, 6, 187, 3, 2),
(5, 10, 115, 3, 2),
(3, 6, 103, 1, 1),
(3, 10, 237, 2, 2),
(2, 2, 172, 2, 1),
(2, 10, 62, 1, 2),
(1, 5, 173, 1, 1),
(4, 3, 58, 2, 1),
(4, 9, 140, 2, 2),
(3, 7, 81, 1, 1),
(2, 2, 236, 3, 1),
(4, 4, 234, 3, 1),
(4, 11, 215, 2, 1),
(2, 9, 60, 3, 1),
(1, 9, 27, 1, 1),
(5, 8, 116, 3, 2),
(4, 11, 214, 1, 2),
(2, 10, 134, 2, 2),
(2, 5, 50, 3, 1),
(1, 6, 194, 1, 1),
(2, 1, 26, 1, 2),
(3, 6, 238, 3, 2),
(2, 9, 80, 2, 1),
(3, 5, 21, 1, 2),
(2, 7, 51, 2, 2),
(3, 2, 225, 3, 1),
(2, 7, 191, 3, 1),
(4, 8, 102, 2, 1),
(3, 4, 22, 3, 1),
(4, 10, 102, 2, 2),
(3, 6, 97, 2, 1),
(3, 5, 66, 1, 2),
(1, 9, 161, 3, 1),
(1, 4, 1, 1, 1),
(1, 5, 78, 3, 1),
(3, 8, 101, 3, 2),
(1, 11, 27, 3, 2),
(2, 8, 183, 2, 2),
(1, 9, 217, 2, 1),
(1, 4, 120, 2, 1),
(3, 4, 230, 3, 1),
(2, 1, 21, 3, 2),
(2, 10, 115, 3, 2),
(3, 8, 42, 3, 1),
(2, 3, 53, 2, 2),
(5, 8, 155, 3, 2),
(4, 5, 219, 2, 1),
(5, 10, 59, 3, 1),
(3, 6, 73, 1, 2),
(5, 4, 74, 2, 1),
(1, 5, 227, 2, 1),
(2, 7, 27, 3, 2),
(5, 1, 191, 2, 1),
(1, 9, 112, 3, 1),
(2, 11, 180, 1, 2),
(3, 5, 128, 3, 1),
(3, 8, 197, 3, 2),
(2, 3, 127, 2, 2),
(5, 5, 30, 1, 2),
(4, 1, 86, 3, 1),
(5, 7, 211, 1, 1),
(5, 2, 235, 3, 1),
(3, 9, 91, 2, 2),
(2, 3, 147, 3, 1),
(1, 1, 13, 2, 1),
(3, 3, 86, 3, 2),
(2, 8, 42, 3, 1),
(4, 2, 65, 3, 1),
(3, 11, 155, 2, 1),
(3, 5, 87, 1, 2),
(4, 4, 69, 3, 1),
(1, 6, 215, 3, 2),
(5, 2, 70, 1, 2),
(4, 10, 191, 2, 1),
(2, 7, 240, 3, 1),
(5, 10, 96, 1, 1),
(5, 6, 61, 3, 1),
(1, 2, 7, 3, 2),
(3, 10, 200, 1, 2),
(4, 3, 155, 1, 1),
(2, 1, 76, 3, 2),
(1, 1, 187, 2, 2),
(1, 6, 154, 1, 1),
(2, 4, 181, 2, 2),
(1, 1, 94, 3, 2),
(2, 11, 137, 1, 2),
(2, 7, 26, 2, 2),
(3, 3, 9, 3, 2),
(4, 11, 172, 3, 2),
(1, 1, 28, 1, 1),
(2, 6, 238, 1, 1),
(2, 7, 136, 3, 2),
(5, 4, 17, 3, 2),
(2, 9, 151, 2, 1),
(1, 4, 188, 3, 1),
(4, 3, 68, 3, 1),
(5, 8, 116, 1, 1),
(5, 2, 195, 3, 1),
(2, 3, 150, 1, 1),
(1, 1, 70, 1, 2),
(4, 8, 49, 3, 1),
(2, 8, 65, 3, 1),
(1, 4, 240, 1, 2),
(2, 1, 198, 1, 2),
(2, 1, 10, 3, 1),
(4, 6, 122, 3, 1),
(3, 2, 12, 2, 1),
(2, 3, 20, 1, 2),
(3, 9, 177, 2, 2),
(5, 10, 7, 1, 2),
(4, 1, 137, 3, 2),
(3, 7, 9, 1, 2),
(5, 6, 73, 1, 1),
(2, 11, 111, 3, 1),
(5, 6, 75, 2, 1),
(5, 4, 65, 1, 2),
(1, 8, 56, 3, 2),
(4, 5, 116, 1, 2),
(3, 4, 104, 1, 1),
(5, 2, 77, 3, 2),
(3, 1, 187, 1, 1),
(2, 11, 138, 3, 2),
(1, 8, 4, 1, 2),
(4, 3, 173, 1, 1),
(5, 6, 179, 1, 2),
(2, 2, 66, 3, 2),
(2, 7, 212, 2, 2),
(4, 4, 229, 2, 1),
(4, 3, 152, 1, 1),
(3, 3, 97, 2, 1),
(3, 7, 2, 3, 1),
(2, 4, 154, 1, 1),
(3, 11, 182, 1, 2),
(2, 8, 5, 1, 2),
(5, 11, 65, 2, 1),
(4, 5, 46, 1, 1),
(5, 5, 31, 3, 1),
(3, 9, 7, 3, 2),
(5, 3, 157, 1, 2),
(4, 10, 227, 3, 2),
(5, 6, 217, 3, 1),
(3, 2, 137, 3, 1),
(4, 4, 128, 3, 2),
(4, 11, 126, 3, 2),
(2, 6, 194, 3, 2),
(3, 6, 191, 1, 1),
(3, 1, 151, 3, 1),
(2, 1, 215, 2, 2),
(2, 10, 148, 2, 2),
(3, 4, 26, 3, 2),
(3, 5, 155, 1, 2),
(5, 7, 71, 1, 1),
(2, 10, 179, 2, 2),
(5, 1, 160, 3, 2),
(1, 8, 119, 3, 1),
(1, 3, 161, 3, 1),
(4, 4, 11, 1, 2),
(3, 3, 50, 3, 1),
(5, 1, 177, 1, 2),
(1, 7, 201, 3, 1),
(4, 5, 186, 1, 2),
(2, 7, 43, 3, 1),
(2, 8, 191, 1, 1),
(4, 9, 24, 1, 2),
(1, 9, 65, 3, 2),
(3, 11, 27, 1, 1),
(2, 2, 21, 3, 1),
(5, 3, 102, 3, 2),
(2, 6, 208, 3, 2),
(5, 6, 132, 3, 1),
(4, 2, 12, 2, 1),
(1, 8, 198, 3, 1),
(4, 8, 8, 2, 1),
(2, 1, 30, 3, 2),
(1, 4, 194, 3, 1),
(5, 7, 21, 3, 1),
(4, 2, 51, 1, 1),
(1, 3, 172, 1, 1),
(2, 1, 216, 2, 2),
(5, 4, 23, 1, 2),
(4, 9, 212, 1, 2),
(2, 7, 220, 1, 2),
(4, 9, 189, 2, 2),
(2, 5, 132, 3, 1),
(4, 7, 78, 1, 2),
(2, 8, 104, 2, 1),
(3, 4, 221, 3, 2),
(5, 10, 169, 3, 1),
(3, 9, 160, 3, 1),
(4, 7, 104, 3, 1),
(1, 8, 217, 3, 1),
(4, 5, 12, 1, 1),
(1, 6, 166, 3, 2),
(5, 9, 172, 3, 2),
(5, 4, 184, 1, 2),
(2, 8, 191, 2, 1),
(4, 5, 46, 1, 1),
(5, 11, 68, 1, 2),
(2, 1, 239, 3, 2),
(3, 4, 200, 3, 1),
(5, 9, 228, 1, 1),
(2, 6, 160, 1, 1),
(1, 5, 164, 3, 1),
(1, 4, 133, 1, 2),
(4, 1, 26, 2, 1),
(3, 3, 213, 3, 2),
(2, 11, 55, 3, 2),
(4, 10, 36, 1, 2),
(5, 7, 184, 3, 1),
(5, 11, 39, 3, 1),
(3, 3, 94, 3, 2),
(3, 9, 34, 3, 2),
(2, 2, 3, 3, 2),
(2, 2, 239, 1, 1),
(1, 4, 201, 3, 1),
(5, 4, 15, 3, 1),
(3, 5, 167, 1, 2),
(3, 1, 131, 1, 1),
(4, 7, 218, 1, 2),
(1, 5, 30, 3, 1),
(5, 8, 41, 1, 1),
(1, 7, 195, 1, 2),
(3, 6, 171, 1, 2),
(1, 3, 74, 3, 1),
(3, 6, 145, 2, 2),
(5, 4, 77, 2, 2),
(3, 1, 11, 1, 2),
(2, 10, 30, 3, 2),
(5, 8, 108, 2, 2),
(5, 2, 85, 1, 1),
(4, 4, 92, 2, 1),
(1, 6, 16, 1, 1),
(3, 5, 174, 3, 1),
(1, 2, 197, 1, 1),
(4, 10, 55, 3, 2),
(5, 4, 180, 1, 1),
(4, 7, 77, 1, 1),
(4, 7, 44, 3, 2),
(5, 9, 39, 2, 2),
(4, 6, 116, 1, 1),
(3, 9, 98, 3, 1),
(2, 2, 190, 1, 1),
(1, 9, 6, 1, 2),
(1, 3, 54, 2, 2),
(2, 10, 100, 1, 2),
(4, 3, 107, 1, 2),
(4, 6, 88, 2, 2),
(2, 4, 48, 2, 2),
(5, 5, 206, 3, 1),
(5, 5, 36, 1, 1),
(5, 8, 207, 2, 2),
(5, 11, 70, 1, 1),
(4, 10, 37, 3, 2),
(3, 4, 24, 2, 1),
(2, 6, 132, 1, 1),
(2, 3, 179, 3, 2),
(4, 11, 153, 1, 1),
(1, 6, 206, 2, 2),
(4, 11, 98, 1, 2),
(5, 9, 224, 1, 2),
(5, 8, 127, 2, 1),
(3, 5, 78, 2, 1),
(4, 7, 8, 2, 2),
(3, 4, 16, 1, 1),
(5, 10, 155, 3, 1),
(2, 4, 228, 3, 1),
(4, 9, 216, 2, 1),
(3, 8, 149, 1, 1),
(2, 11, 174, 1, 1),
(2, 6, 169, 1, 1),
(4, 3, 33, 2, 2),
(1, 5, 67, 2, 2),
(4, 6, 63, 2, 2),
(1, 4, 147, 1, 2),
(5, 11, 24, 1, 1),
(5, 9, 74, 1, 2),
(4, 8, 33, 1, 2),
(2, 1, 200, 2, 1),
(2, 8, 117, 1, 1),
(1, 10, 18, 2, 2),
(3, 9, 62, 3, 1),
(2, 6, 195, 3, 2),
(4, 3, 125, 3, 2),
(1, 8, 25, 1, 1),
(4, 3, 189, 3, 1),
(4, 1, 208, 3, 2),
(4, 11, 39, 1, 2),
(2, 4, 44, 2, 1),
(5, 7, 184, 2, 1),
(1, 11, 39, 2, 2),
(3, 11, 233, 2, 1),
(1, 6, 167, 2, 1),
(2, 1, 103, 3, 2),
(2, 1, 164, 1, 2),
(3, 7, 92, 1, 1),
(1, 4, 221, 3, 1),
(2, 4, 73, 2, 1),
(2, 3, 212, 2, 2),
(2, 1, 32, 2, 1),
(2, 1, 41, 3, 1),
(1, 7, 214, 2, 2),
(3, 5, 195, 1, 1),
(4, 10, 39, 2, 1),
(4, 3, 96, 3, 2),
(5, 5, 27, 3, 1),
(4, 7, 100, 3, 1),
(3, 4, 223, 2, 1),
(5, 6, 77, 3, 1),
(4, 1, 230, 2, 1),
(3, 8, 93, 2, 1),
(5, 11, 2, 1, 1),
(2, 6, 91, 1, 2),
(1, 11, 136, 3, 2),
(4, 9, 91, 1, 2),
(3, 9, 207, 2, 2),
(3, 4, 117, 3, 1),
(3, 5, 60, 3, 2),
(5, 3, 31, 1, 2),
(2, 8, 207, 2, 2),
(4, 5, 199, 1, 2),
(1, 1, 86, 2, 1),
(4, 3, 28, 3, 2),
(3, 6, 164, 1, 1),
(3, 8, 72, 3, 1),
(3, 9, 230, 1, 1),
(1, 7, 206, 3, 2),
(3, 5, 172, 3, 2),
(2, 10, 52, 3, 2),
(5, 10, 132, 1, 2),
(1, 3, 67, 1, 2),
(1, 6, 165, 1, 1),
(4, 8, 165, 3, 2),
(2, 3, 194, 1, 1),
(2, 2, 228, 3, 2),
(5, 5, 194, 2, 1),
(3, 4, 131, 3, 2),
(4, 4, 79, 2, 1),
(2, 4, 229, 1, 1),
(3, 7, 8, 2, 2),
(3, 8, 87, 2, 2),
(2, 10, 72, 3, 2),
(1, 3, 162, 3, 2),
(2, 5, 144, 1, 2),
(3, 4, 27, 2, 1),
(4, 10, 27, 2, 1),
(1, 1, 153, 2, 1),
(2, 5, 136, 2, 1),
(2, 6, 1, 2, 1),
(5, 11, 33, 3, 1),
(2, 8, 53, 1, 1),
(2, 9, 8, 1, 1),
(3, 1, 167, 2, 2),
(3, 9, 195, 1, 2),
(2, 5, 5, 3, 2),
(3, 7, 168, 1, 2),
(1, 9, 16, 1, 2),
(2, 1, 15, 2, 1),
(5, 4, 91, 1, 1),
(1, 5, 74, 2, 2),
(4, 10, 171, 2, 2),
(5, 5, 83, 2, 1),
(1, 11, 197, 3, 2),
(1, 2, 222, 1, 2),
(3, 6, 185, 2, 1),
(2, 10, 120, 3, 2),
(4, 3, 114, 3, 1),
(2, 10, 172, 2, 1),
(3, 7, 7, 2, 2),
(5, 9, 182, 2, 2),
(1, 3, 18, 1, 1),
(1, 4, 34, 3, 1),
(2, 7, 139, 1, 1),
(4, 2, 109, 1, 2),
(1, 5, 77, 3, 2),
(4, 9, 207, 1, 1),
(2, 4, 111, 3, 2),
(2, 10, 28, 2, 1),
(2, 3, 165, 2, 1),
(1, 8, 180, 2, 2),
(5, 9, 119, 3, 1),
(1, 11, 188, 3, 2),
(2, 8, 174, 2, 2),
(4, 9, 7, 3, 2),
(5, 4, 23, 1, 1),
(2, 9, 208, 1, 1),
(3, 5, 95, 1, 1),
(3, 5, 78, 1, 2),
(5, 4, 75, 2, 2),
(1, 6, 151, 1, 2),
(3, 8, 200, 2, 2),
(5, 2, 117, 3, 2),
(2, 2, 63, 3, 2),
(2, 1, 10, 3, 1),
(1, 6, 160, 2, 1),
(2, 9, 103, 2, 2),
(3, 4, 175, 1, 2),
(2, 10, 233, 2, 1),
(1, 7, 126, 3, 1),
(4, 7, 165, 1, 1),
(2, 3, 96, 3, 2),
(5, 5, 170, 3, 1),
(4, 8, 69, 2, 2),
(3, 4, 232, 3, 1),
(1, 7, 237, 3, 1),
(1, 9, 151, 3, 1),
(1, 4, 94, 2, 1),
(4, 5, 85, 1, 1),
(3, 1, 219, 3, 1),
(4, 11, 151, 2, 1),
(2, 8, 231, 2, 1),
(5, 5, 157, 2, 1),
(5, 6, 39, 3, 2),
(2, 4, 29, 3, 1),
(1, 11, 173, 2, 2),
(3, 4, 200, 1, 1),
(4, 11, 79, 2, 2),
(5, 3, 206, 2, 1),
(4, 7, 172, 2, 2),
(3, 1, 131, 2, 2),
(5, 2, 121, 1, 2),
(2, 11, 227, 3, 1),
(2, 5, 234, 2, 2),
(1, 11, 77, 3, 2),
(5, 3, 156, 1, 2),
(5, 4, 4, 1, 1),
(4, 9, 89, 1, 2),
(3, 9, 102, 3, 1),
(4, 10, 164, 3, 2),
(1, 11, 149, 3, 2),
(1, 1, 93, 3, 2),
(1, 1, 187, 2, 1),
(2, 3, 123, 3, 1),
(5, 10, 88, 2, 1),
(2, 6, 98, 2, 2),
(3, 1, 105, 2, 1),
(3, 1, 175, 3, 1),
(4, 4, 132, 3, 2),
(3, 7, 9, 3, 2),
(1, 8, 232, 2, 2),
(2, 6, 7, 2, 1),
(5, 5, 176, 1, 1),
(3, 2, 54, 3, 1),
(3, 1, 141, 1, 1),
(1, 1, 47, 1, 2),
(5, 2, 153, 3, 1),
(2, 6, 21, 2, 1),
(2, 6, 206, 2, 1),
(5, 7, 74, 1, 2),
(5, 7, 144, 3, 1),
(4, 5, 111, 1, 2),
(3, 9, 91, 1, 2),
(5, 7, 10, 2, 2),
(1, 6, 207, 3, 2),
(4, 2, 146, 3, 1),
(3, 9, 129, 2, 2),
(2, 6, 100, 1, 1),
(5, 10, 51, 2, 1),
(5, 11, 67, 3, 1),
(1, 8, 29, 1, 2),
(1, 10, 147, 1, 2),
(2, 1, 5, 3, 2),
(4, 8, 111, 3, 2),
(4, 4, 13, 2, 1),
(3, 11, 8, 3, 1),
(5, 8, 80, 1, 1),
(3, 3, 5, 2, 1),
(4, 8, 212, 2, 1),
(3, 8, 38, 3, 2),
(1, 1, 100, 1, 2),
(4, 10, 159, 1, 1),
(3, 7, 53, 2, 1),
(3, 5, 151, 3, 2),
(1, 9, 219, 2, 2),
(1, 9, 229, 1, 2),
(5, 3, 31, 1, 2),
(3, 6, 180, 1, 1),
(1, 1, 69, 1, 1),
(2, 8, 192, 2, 2),
(5, 3, 62, 1, 1),
(1, 10, 165, 3, 2),
(1, 5, 26, 3, 1),
(5, 8, 212, 1, 2),
(4, 6, 75, 3, 2),
(1, 10, 225, 2, 1),
(5, 7, 145, 3, 2),
(4, 3, 188, 3, 1),
(2, 9, 234, 3, 1),
(5, 11, 176, 2, 1),
(2, 10, 75, 1, 1),
(1, 7, 209, 1, 2),
(4, 10, 89, 2, 1),
(4, 8, 91, 1, 1),
(4, 10, 220, 2, 2),
(3, 9, 48, 2, 2),
(4, 2, 142, 3, 1),
(5, 3, 222, 1, 2),
(1, 11, 190, 1, 2),
(1, 8, 74, 2, 2),
(1, 9, 61, 1, 2),
(5, 4, 26, 1, 1),
(1, 9, 48, 1, 1),
(2, 1, 88, 2, 1),
(2, 6, 57, 3, 2),
(2, 4, 25, 2, 2),
(5, 11, 215, 2, 2),
(3, 6, 59, 1, 2),
(5, 11, 87, 1, 2),
(3, 2, 236, 3, 2),
(2, 7, 67, 1, 1),
(5, 7, 21, 2, 2),
(4, 2, 240, 2, 2),
(2, 1, 120, 2, 2),
(1, 9, 25, 2, 2),
(4, 1, 109, 2, 2),
(4, 11, 210, 1, 1),
(1, 5, 8, 2, 1),
(3, 9, 10, 1, 1),
(3, 2, 108, 2, 2),
(4, 11, 193, 3, 2),
(2, 2, 153, 1, 2),
(3, 7, 139, 1, 2),
(2, 4, 199, 1, 2),
(4, 11, 96, 1, 2),
(4, 2, 139, 3, 1),
(2, 6, 188, 1, 2),
(5, 2, 214, 3, 2),
(1, 3, 158, 1, 1),
(3, 3, 104, 2, 2),
(1, 7, 182, 1, 2),
(2, 7, 98, 3, 1),
(3, 2, 181, 1, 1),
(4, 6, 95, 1, 1),
(4, 8, 75, 1, 2),
(4, 6, 22, 2, 2),
(2, 1, 45, 1, 1),
(4, 5, 205, 3, 2),
(2, 8, 70, 3, 1),
(1, 9, 118, 3, 2),
(4, 1, 158, 3, 1),
(4, 9, 72, 3, 2),
(5, 7, 114, 2, 1),
(2, 10, 27, 2, 2),
(1, 3, 28, 3, 2),
(4, 4, 125, 3, 2),
(4, 4, 229, 2, 2),
(2, 1, 108, 2, 2),
(5, 6, 140, 2, 1),
(3, 2, 177, 2, 1),
(3, 8, 168, 2, 1),
(2, 10, 147, 1, 1),
(3, 11, 175, 3, 1),
(5, 6, 153, 1, 1),
(5, 5, 76, 1, 1),
(5, 1, 160, 3, 1),
(3, 11, 35, 1, 2),
(4, 10, 149, 1, 1),
(3, 4, 178, 2, 2),
(2, 6, 223, 2, 1),
(2, 7, 94, 2, 2),
(5, 2, 157, 3, 2),
(3, 3, 43, 2, 1),
(4, 7, 222, 1, 1),
(5, 10, 102, 1, 2),
(4, 8, 104, 3, 2),
(2, 7, 50, 2, 2),
(3, 3, 206, 1, 2),
(2, 7, 75, 1, 2),
(3, 10, 130, 1, 2),
(4, 5, 89, 3, 2),
(5, 9, 5, 1, 2),
(4, 6, 5, 1, 2),
(4, 9, 232, 2, 1),
(2, 10, 218, 2, 2),
(2, 1, 112, 2, 2),
(3, 3, 126, 1, 2),
(4, 7, 203, 1, 2),
(4, 4, 238, 2, 1),
(5, 7, 57, 1, 1),
(4, 8, 171, 1, 2),
(1, 2, 27, 1, 1),
(5, 7, 228, 2, 1),
(4, 9, 197, 1, 1),
(2, 11, 94, 2, 2),
(3, 7, 137, 2, 1),
(2, 7, 121, 1, 2),
(4, 4, 143, 3, 2),
(1, 10, 51, 2, 2),
(3, 8, 145, 1, 1),
(5, 8, 141, 1, 2),
(4, 10, 217, 1, 1),
(4, 5, 103, 1, 2),
(3, 9, 102, 1, 2),
(4, 9, 163, 3, 1),
(5, 6, 107, 3, 1),
(4, 4, 96, 1, 1),
(5, 3, 94, 3, 1),
(5, 2, 128, 2, 2),
(1, 5, 150, 2, 1),
(1, 7, 149, 2, 1),
(1, 8, 69, 1, 1),
(4, 11, 45, 1, 1),
(1, 3, 70, 1, 2),
(2, 10, 40, 2, 1),
(1, 1, 80, 3, 1),
(5, 11, 13, 1, 2),
(4, 10, 89, 3, 1),
(1, 7, 162, 1, 1),
(3, 4, 132, 2, 2),
(1, 8, 89, 3, 1),
(4, 7, 134, 2, 1),
(3, 2, 47, 1, 1),
(3, 1, 98, 3, 2),
(1, 10, 214, 1, 1),
(4, 7, 212, 1, 2),
(1, 8, 167, 1, 2),
(4, 7, 96, 1, 2),
(4, 3, 171, 1, 1),
(1, 4, 23, 3, 1),
(5, 2, 6, 1, 2),
(4, 6, 21, 1, 1),
(5, 6, 44, 1, 1),
(2, 8, 112, 2, 2),
(5, 6, 78, 2, 2),
(1, 11, 98, 3, 1),
(4, 1, 184, 1, 2),
(4, 3, 36, 1, 2),
(4, 11, 41, 3, 1),
(3, 6, 204, 3, 1),
(1, 3, 74, 3, 2),
(1, 10, 190, 3, 1),
(1, 4, 211, 1, 2),
(5, 3, 51, 1, 2),
(5, 3, 8, 1, 2),
(3, 7, 75, 3, 2),
(3, 5, 78, 2, 2),
(1, 2, 14, 1, 2),
(5, 1, 27, 1, 2),
(1, 4, 128, 1, 1),
(2, 3, 36, 1, 1),
(1, 4, 62, 3, 1),
(2, 4, 169, 3, 1),
(5, 9, 85, 1, 2),
(5, 3, 44, 1, 2),
(3, 10, 15, 3, 2),
(5, 8, 232, 2, 1),
(4, 2, 94, 2, 2),
(3, 1, 201, 1, 2),
(2, 6, 200, 2, 1),
(5, 7, 183, 2, 1),
(2, 2, 22, 1, 2),
(4, 6, 74, 1, 1),
(3, 10, 44, 1, 1),
(4, 5, 157, 2, 1),
(3, 4, 127, 1, 1),
(4, 2, 141, 2, 1),
(3, 6, 69, 3, 2),
(1, 11, 115, 1, 1),
(3, 6, 100, 1, 2),
(1, 5, 182, 3, 1),
(5, 4, 46, 1, 2),
(1, 9, 81, 3, 2),
(5, 9, 90, 2, 1),
(1, 8, 95, 1, 1),
(2, 4, 115, 3, 1),
(2, 5, 182, 3, 1),
(5, 1, 172, 3, 1),
(4, 3, 91, 1, 1),
(5, 1, 72, 2, 1),
(1, 8, 208, 2, 2),
(4, 8, 14, 1, 1),
(2, 9, 55, 2, 1),
(2, 6, 114, 2, 1),
(3, 4, 36, 3, 2),
(3, 11, 119, 1, 2),
(5, 9, 56, 3, 2),
(3, 10, 15, 1, 1),
(4, 11, 190, 3, 1),
(5, 2, 47, 2, 2),
(2, 4, 60, 2, 2),
(2, 10, 155, 1, 1),
(2, 1, 48, 1, 1),
(1, 1, 21, 1, 1),
(5, 9, 109, 3, 1),
(3, 9, 170, 2, 1),
(1, 3, 43, 3, 1),
(2, 11, 138, 1, 1),
(1, 2, 105, 3, 2),
(1, 2, 214, 1, 2),
(5, 1, 73, 3, 2),
(1, 7, 51, 3, 2),
(2, 8, 207, 1, 1),
(3, 1, 107, 1, 1),
(5, 10, 192, 1, 1),
(1, 6, 102, 1, 1),
(3, 4, 98, 2, 1),
(1, 7, 155, 1, 2),
(4, 1, 230, 2, 1),
(1, 11, 22, 2, 1),
(3, 2, 71, 1, 1),
(4, 2, 133, 1, 1),
(5, 5, 70, 3, 2),
(1, 6, 80, 3, 1),
(2, 6, 16, 3, 1),
(3, 10, 80, 3, 2),
(4, 9, 164, 1, 1),
(1, 5, 78, 1, 2),
(2, 8, 50, 2, 1),
(4, 6, 177, 1, 2),
(3, 1, 184, 1, 2),
(2, 9, 201, 2, 1),
(3, 4, 98, 1, 1),
(1, 11, 148, 2, 1),
(4, 9, 223, 2, 1),
(4, 8, 59, 2, 2),
(2, 2, 39, 3, 1),
(5, 8, 192, 3, 1),
(5, 4, 79, 2, 2),
(5, 10, 214, 1, 1),
(1, 7, 234, 3, 1),
(3, 3, 133, 1, 1),
(2, 11, 36, 1, 2),
(3, 6, 15, 2, 1),
(5, 8, 203, 3, 1),
(2, 1, 104, 1, 2),
(2, 11, 48, 2, 2),
(3, 10, 136, 1, 1),
(4, 7, 154, 1, 1),
(2, 1, 59, 2, 1),
(4, 7, 239, 2, 1),
(4, 6, 119, 2, 1),
(5, 2, 200, 1, 2),
(4, 7, 107, 3, 2),
(3, 6, 78, 3, 1),
(3, 6, 52, 1, 2),
(1, 8, 94, 3, 1),
(3, 5, 25, 2, 2),
(3, 2, 83, 1, 1),
(5, 3, 101, 3, 1),
(4, 10, 48, 3, 2),
(4, 4, 146, 2, 1),
(4, 10, 49, 2, 2),
(3, 9, 3, 1, 1),
(1, 9, 205, 1, 2),
(5, 2, 132, 3, 2),
(4, 11, 48, 1, 1),
(1, 6, 70, 2, 1),
(2, 11, 137, 3, 2),
(1, 6, 184, 1, 1),
(5, 2, 1, 2, 2),
(3, 10, 136, 1, 1),
(2, 6, 86, 2, 2),
(3, 4, 159, 1, 2),
(4, 11, 118, 2, 2),
(5, 8, 130, 3, 2),
(1, 6, 149, 1, 2),
(4, 2, 233, 3, 2),
(4, 6, 20, 2, 2),
(2, 1, 99, 2, 1),
(3, 8, 106, 1, 2),
(2, 8, 191, 3, 1),
(5, 3, 174, 2, 2),
(4, 7, 229, 2, 2),
(3, 6, 240, 2, 2),
(5, 5, 137, 2, 1),
(4, 10, 215, 1, 1),
(3, 9, 70, 2, 1),
(1, 8, 142, 3, 1),
(3, 11, 189, 2, 2),
(5, 10, 47, 1, 2),
(5, 11, 62, 1, 1),
(4, 10, 121, 3, 1),
(5, 3, 153, 2, 2),
(2, 9, 85, 2, 1),
(5, 2, 155, 1, 1),
(3, 6, 180, 2, 1),
(3, 9, 21, 2, 2),
(1, 7, 72, 2, 1),
(5, 3, 122, 3, 2),
(3, 5, 171, 3, 1),
(4, 4, 139, 3, 2),
(3, 6, 206, 3, 1),
(3, 5, 52, 3, 2),
(4, 10, 211, 1, 2),
(1, 4, 229, 3, 2),
(5, 4, 196, 3, 1),
(5, 9, 226, 1, 2),
(1, 8, 208, 3, 1),
(1, 5, 78, 2, 1),
(5, 1, 48, 3, 1),
(1, 11, 177, 3, 2),
(5, 9, 97, 1, 2),
(3, 8, 71, 1, 1),
(1, 8, 237, 2, 2),
(1, 10, 21, 1, 2),
(5, 9, 226, 2, 2),
(4, 3, 75, 3, 2),
(1, 8, 166, 1, 2),
(3, 10, 184, 2, 2),
(2, 7, 81, 1, 2),
(4, 6, 226, 2, 1),
(2, 7, 216, 2, 1),
(5, 11, 23, 2, 2),
(3, 5, 219, 1, 2),
(3, 5, 186, 3, 2),
(4, 8, 233, 2, 2),
(2, 5, 218, 1, 1),
(1, 5, 37, 3, 1),
(4, 6, 72, 3, 1),
(4, 11, 106, 2, 2),
(3, 6, 136, 1, 1),
(3, 10, 185, 1, 1),
(2, 10, 98, 1, 1),
(4, 5, 219, 3, 1),
(4, 6, 185, 2, 2),
(4, 2, 155, 3, 1),
(4, 11, 205, 2, 1),
(4, 3, 47, 3, 1),
(3, 8, 149, 1, 1),
(3, 3, 114, 2, 2),
(3, 11, 145, 2, 2),
(4, 5, 140, 1, 2),
(1, 5, 57, 2, 2),
(4, 6, 191, 3, 1),
(5, 7, 101, 2, 1),
(1, 7, 145, 3, 1),
(3, 11, 164, 1, 2),
(3, 2, 227, 2, 2),
(5, 4, 63, 2, 1),
(4, 3, 130, 1, 2),
(4, 8, 226, 2, 2),
(4, 8, 19, 3, 1),
(5, 7, 128, 3, 2),
(4, 1, 99, 3, 1),
(2, 2, 47, 3, 2),
(5, 11, 22, 3, 1),
(5, 6, 92, 1, 1),
(3, 8, 69, 2, 1),
(3, 10, 3, 1, 1),
(1, 6, 137, 2, 1),
(3, 11, 181, 1, 1),
(3, 6, 105, 1, 1),
(3, 1, 143, 3, 1),
(2, 8, 55, 2, 1),
(3, 8, 211, 1, 1),
(4, 2, 39, 2, 1),
(5, 8, 135, 1, 2),
(1, 7, 121, 2, 1),
(5, 5, 209, 3, 2),
(1, 5, 14, 3, 2),
(2, 10, 160, 1, 1),
(3, 10, 97, 3, 1),
(2, 6, 17, 3, 2),
(5, 4, 79, 2, 2),
(5, 10, 103, 2, 1),
(5, 5, 39, 1, 2),
(3, 11, 105, 2, 2),
(5, 3, 216, 3, 2),
(1, 4, 41, 1, 1),
(3, 3, 240, 2, 1),
(4, 6, 153, 3, 2),
(3, 1, 93, 2, 2),
(4, 9, 39, 3, 1),
(5, 1, 200, 3, 1),
(3, 4, 50, 3, 2),
(4, 9, 178, 3, 1),
(5, 4, 178, 1, 2),
(1, 9, 26, 1, 1),
(2, 6, 226, 3, 2),
(5, 5, 85, 3, 1),
(1, 8, 25, 2, 1),
(1, 1, 227, 1, 2),
(4, 11, 128, 1, 1),
(3, 11, 66, 1, 2),
(3, 8, 138, 2, 2),
(3, 11, 57, 1, 1),
(4, 6, 62, 1, 2),
(2, 11, 135, 3, 2),
(3, 1, 118, 1, 2),
(3, 10, 163, 1, 2),
(3, 7, 131, 2, 1),
(2, 9, 122, 1, 2),
(5, 7, 223, 3, 2),
(1, 3, 173, 3, 2),
(2, 11, 53, 3, 2),
(2, 3, 19, 3, 2),
(3, 8, 191, 3, 2),
(5, 10, 133, 2, 1),
(3, 2, 208, 2, 1),
(5, 5, 70, 3, 2),
(1, 4, 75, 2, 1),
(3, 1, 29, 2, 2),
(1, 8, 92, 1, 1),
(5, 11, 27, 3, 1),
(4, 1, 130, 3, 1),
(2, 10, 76, 1, 1),
(4, 6, 217, 3, 2),
(1, 2, 213, 3, 1),
(4, 2, 101, 3, 2),
(1, 1, 176, 1, 1),
(2, 1, 14, 2, 2),
(2, 3, 113, 1, 2),
(5, 5, 232, 1, 1),
(1, 1, 123, 2, 2),
(4, 2, 30, 1, 1),
(3, 11, 221, 3, 2),
(5, 10, 57, 1, 2),
(4, 3, 184, 3, 1),
(4, 7, 97, 2, 2),
(5, 7, 109, 2, 2),
(5, 3, 203, 2, 2),
(1, 4, 158, 2, 2),
(3, 4, 64, 3, 2),
(4, 10, 133, 3, 2),
(5, 9, 3, 3, 2),
(1, 3, 154, 2, 1),
(2, 2, 157, 2, 1),
(4, 10, 47, 2, 1),
(1, 5, 150, 1, 2),
(2, 1, 123, 2, 1),
(2, 11, 104, 3, 2),
(5, 4, 141, 1, 1),
(3, 8, 214, 3, 1),
(3, 8, 157, 2, 1),
(2, 9, 39, 3, 2),
(2, 4, 194, 3, 1),
(5, 9, 9, 1, 2),
(2, 8, 233, 2, 1),
(2, 3, 27, 1, 1),
(3, 4, 4, 3, 1),
(3, 11, 14, 1, 1),
(5, 9, 108, 3, 1),
(4, 1, 172, 3, 2),
(5, 2, 209, 3, 1),
(3, 7, 181, 3, 1),
(3, 6, 151, 1, 1),
(5, 1, 123, 1, 1),
(1, 8, 119, 2, 1),
(5, 8, 77, 3, 1),
(3, 10, 136, 2, 1),
(3, 10, 36, 2, 1),
(1, 1, 183, 1, 1),
(5, 3, 52, 2, 2),
(5, 8, 110, 1, 2),
(5, 2, 141, 3, 2),
(1, 6, 1, 1, 2),
(4, 11, 123, 2, 1),
(5, 11, 67, 2, 1),
(5, 10, 82, 1, 2),
(4, 2, 234, 2, 1),
(3, 4, 23, 1, 2),
(1, 6, 55, 1, 1),
(2, 5, 176, 2, 1),
(5, 2, 116, 2, 1),
(2, 7, 130, 1, 1),
(2, 6, 156, 2, 2),
(1, 1, 72, 1, 2),
(5, 2, 62, 3, 2),
(2, 9, 42, 3, 2),
(4, 4, 179, 2, 2),
(4, 6, 209, 3, 1),
(2, 10, 152, 1, 1),
(5, 3, 57, 3, 1),
(2, 11, 108, 3, 1),
(4, 1, 197, 2, 2),
(1, 5, 220, 3, 1),
(5, 9, 127, 2, 1),
(1, 8, 20, 3, 2),
(4, 6, 230, 2, 2),
(1, 3, 18, 2, 1),
(4, 7, 13, 2, 1),
(1, 6, 232, 1, 2),
(2, 9, 187, 1, 1),
(2, 6, 12, 1, 2),
(5, 5, 208, 2, 1),
(1, 4, 223, 2, 1),
(5, 3, 65, 1, 1),
(5, 9, 9, 1, 1),
(5, 2, 142, 3, 1),
(3, 8, 50, 3, 1),
(1, 3, 36, 1, 1),
(4, 8, 10, 2, 1),
(5, 2, 29, 3, 2),
(3, 10, 221, 2, 1),
(4, 10, 169, 3, 2),
(4, 2, 34, 2, 1),
(3, 1, 144, 1, 1),
(5, 7, 6, 3, 1),
(3, 7, 226, 2, 2),
(2, 1, 5, 1, 2),
(2, 10, 202, 3, 2),
(4, 9, 29, 2, 1),
(5, 11, 39, 2, 1),
(3, 2, 219, 1, 1),
(3, 2, 38, 2, 1),
(5, 4, 143, 3, 1),
(4, 6, 170, 2, 2),
(3, 5, 178, 2, 2),
(5, 9, 16, 3, 1),
(5, 3, 178, 1, 1),
(2, 2, 68, 2, 2),
(3, 8, 116, 2, 2),
(2, 2, 51, 3, 2),
(3, 2, 211, 3, 1),
(1, 6, 101, 2, 1),
(1, 4, 204, 1, 2),
(3, 10, 209, 3, 2),
(5, 1, 228, 2, 2),
(2, 1, 130, 3, 1),
(5, 6, 6, 1, 1),
(4, 11, 71, 1, 2),
(3, 4, 238, 3, 1),
(4, 8, 7, 1, 1),
(1, 4, 174, 3, 2),
(4, 1, 139, 1, 1),
(5, 8, 141, 2, 2),
(3, 8, 84, 2, 1),
(4, 1, 224, 1, 2),
(4, 1, 170, 3, 1),
(5, 9, 117, 1, 2),
(1, 1, 167, 1, 2),
(2, 9, 168, 2, 1),
(3, 3, 32, 3, 1),
(1, 4, 60, 1, 2),
(2, 7, 137, 3, 2),
(3, 8, 44, 2, 1),
(4, 8, 99, 3, 2),
(4, 11, 117, 1, 2),
(5, 3, 136, 1, 1),
(3, 3, 14, 3, 1),
(2, 11, 7, 2, 2),
(5, 10, 8, 2, 1),
(4, 11, 138, 3, 1),
(3, 9, 218, 1, 1),
(1, 9, 153, 2, 1),
(1, 1, 86, 3, 1),
(4, 3, 123, 3, 1),
(2, 6, 43, 1, 1),
(3, 2, 231, 3, 1),
(1, 1, 234, 1, 1),
(1, 2, 24, 2, 1),
(5, 2, 28, 1, 1),
(4, 1, 112, 2, 1),
(4, 3, 71, 3, 2),
(4, 1, 102, 3, 1),
(1, 8, 41, 3, 1),
(2, 9, 58, 2, 2),
(1, 7, 22, 1, 2),
(2, 6, 21, 3, 2),
(1, 9, 162, 3, 1),
(2, 8, 47, 2, 1),
(3, 11, 229, 3, 2),
(1, 11, 122, 2, 1),
(1, 2, 129, 2, 2),
(3, 4, 151, 2, 2),
(4, 10, 211, 3, 1),
(2, 6, 219, 2, 2),
(1, 10, 199, 2, 2),
(4, 8, 128, 1, 1),
(5, 9, 17, 2, 2),
(1, 7, 193, 3, 2),
(1, 11, 145, 2, 2),
(2, 3, 215, 1, 1),
(4, 3, 35, 3, 2),
(2, 11, 127, 2, 1),
(3, 9, 73, 2, 1),
(4, 4, 148, 2, 1),
(2, 3, 154, 1, 2),
(3, 9, 129, 2, 1),
(2, 10, 21, 3, 2),
(1, 10, 166, 2, 2),
(3, 3, 194, 1, 2),
(5, 9, 159, 2, 1),
(1, 11, 224, 2, 1),
(2, 2, 200, 2, 2),
(1, 1, 19, 3, 1),
(5, 6, 118, 2, 2),
(3, 1, 86, 2, 1),
(5, 6, 59, 3, 2),
(4, 1, 123, 3, 2),
(4, 7, 198, 1, 2),
(5, 7, 52, 3, 1),
(5, 5, 140, 3, 1),
(4, 11, 174, 2, 2),
(1, 1, 220, 2, 2),
(2, 8, 101, 3, 2),
(5, 4, 226, 1, 2),
(5, 10, 78, 1, 1),
(4, 9, 174, 2, 2),
(5, 7, 179, 1, 1),
(5, 3, 131, 3, 2),
(5, 6, 90, 2, 2),
(1, 10, 127, 2, 2),
(5, 4, 127, 3, 2),
(5, 1, 40, 3, 2),
(5, 9, 20, 2, 1),
(4, 9, 55, 1, 2),
(5, 6, 90, 1, 1),
(2, 8, 75, 3, 2),
(2, 8, 27, 2, 2),
(2, 4, 161, 1, 1),
(2, 9, 111, 3, 1),
(4, 4, 82, 1, 1),
(1, 7, 62, 3, 1),
(1, 7, 191, 3, 1),
(1, 3, 130, 2, 1),
(2, 6, 148, 2, 1),
(3, 11, 213, 3, 2),
(3, 4, 81, 3, 2),
(4, 11, 99, 3, 2),
(4, 8, 158, 3, 2),
(1, 8, 23, 3, 2),
(2, 1, 166, 2, 1),
(1, 2, 210, 3, 2),
(1, 7, 99, 3, 2),
(3, 1, 16, 1, 1),
(5, 11, 21, 2, 1),
(3, 11, 59, 3, 2),
(2, 9, 175, 1, 2),
(5, 1, 193, 1, 1),
(5, 8, 121, 1, 2),
(1, 5, 168, 1, 1),
(3, 10, 184, 3, 2),
(3, 1, 81, 3, 1),
(3, 5, 109, 1, 2),
(5, 8, 76, 1, 1),
(2, 6, 54, 2, 2),
(4, 7, 42, 3, 1),
(1, 4, 150, 1, 2),
(3, 10, 216, 2, 1),
(3, 6, 183, 2, 2),
(3, 3, 21, 3, 2),
(5, 9, 219, 2, 1),
(2, 7, 100, 2, 2),
(5, 9, 17, 3, 2),
(2, 5, 234, 3, 1),
(3, 8, 186, 3, 1),
(4, 2, 158, 2, 1),
(3, 3, 209, 1, 1),
(5, 7, 87, 1, 1),
(3, 1, 227, 3, 1),
(3, 8, 238, 3, 1),
(4, 8, 79, 3, 1),
(2, 8, 134, 2, 1),
(1, 5, 68, 3, 1),
(4, 10, 170, 3, 2),
(4, 2, 29, 3, 2),
(4, 1, 58, 1, 2),
(5, 1, 85, 3, 1),
(4, 7, 178, 1, 2),
(1, 11, 173, 3, 2),
(2, 1, 53, 3, 1),
(1, 8, 185, 2, 1),
(5, 2, 91, 1, 1),
(2, 5, 4, 2, 2),
(5, 5, 28, 3, 1),
(2, 5, 219, 3, 1),
(5, 3, 168, 1, 2),
(2, 10, 92, 2, 2),
(4, 2, 93, 1, 2),
(3, 1, 22, 3, 1),
(2, 11, 174, 2, 2),
(1, 6, 10, 3, 1),
(3, 3, 189, 3, 2),
(1, 11, 56, 2, 1),
(4, 5, 169, 2, 2),
(4, 11, 73, 1, 1),
(5, 1, 210, 1, 2),
(3, 5, 163, 1, 2),
(5, 1, 101, 2, 2),
(4, 7, 211, 1, 2),
(3, 1, 69, 3, 1),
(2, 11, 10, 1, 1),
(2, 2, 153, 2, 2),
(5, 3, 187, 1, 1),
(1, 8, 11, 1, 1),
(4, 10, 201, 1, 1),
(1, 10, 150, 2, 1),
(2, 4, 39, 3, 2),
(1, 10, 221, 3, 2),
(4, 2, 85, 2, 1),
(5, 9, 121, 1, 1),
(2, 7, 42, 3, 1),
(5, 5, 160, 1, 1),
(2, 11, 33, 3, 2),
(5, 1, 120, 1, 2),
(4, 5, 151, 1, 1),
(3, 7, 209, 1, 2),
(5, 8, 240, 3, 2),
(5, 5, 112, 3, 2),
(3, 7, 135, 1, 2),
(1, 1, 212, 3, 2),
(3, 10, 137, 3, 1),
(2, 11, 176, 3, 2),
(2, 1, 138, 1, 1),
(4, 4, 141, 2, 1),
(5, 1, 225, 3, 1),
(3, 7, 109, 2, 1),
(1, 9, 89, 1, 1),
(5, 11, 94, 1, 1),
(5, 3, 88, 2, 1),
(3, 6, 234, 3, 2),
(4, 9, 219, 1, 2),
(1, 10, 41, 2, 2),
(4, 11, 173, 1, 1),
(1, 2, 87, 3, 1),
(1, 10, 100, 2, 1),
(5, 2, 107, 1, 1),
(5, 8, 71, 2, 2),
(3, 3, 95, 2, 2),
(5, 4, 99, 3, 2),
(1, 9, 39, 2, 1),
(1, 4, 63, 1, 1),
(2, 4, 153, 3, 2),
(2, 8, 129, 2, 2),
(2, 7, 21, 1, 1),
(4, 1, 7, 1, 2),
(2, 2, 55, 2, 1),
(2, 2, 239, 2, 2),
(3, 10, 222, 1, 2),
(5, 1, 235, 2, 2),
(3, 11, 120, 2, 1),
(3, 1, 64, 1, 2),
(5, 3, 158, 1, 1),
(3, 5, 22, 1, 2),
(4, 4, 50, 1, 2),
(3, 3, 83, 3, 2),
(4, 6, 218, 1, 1),
(1, 1, 126, 3, 1),
(3, 1, 180, 1, 2),
(4, 10, 214, 3, 2),
(4, 10, 230, 1, 2),
(4, 3, 158, 1, 1),
(3, 1, 123, 2, 2),
(5, 4, 70, 3, 1),
(1, 4, 1, 1, 1),
(1, 3, 212, 3, 1),
(5, 5, 233, 2, 1),
(2, 7, 66, 1, 1),
(5, 3, 15, 3, 2),
(3, 7, 208, 2, 1),
(5, 4, 100, 2, 1),
(4, 1, 84, 3, 1),
(3, 10, 108, 2, 2),
(3, 8, 143, 2, 2),
(2, 9, 231, 2, 2),
(4, 2, 24, 1, 1),
(3, 7, 169, 2, 1),
(3, 2, 80, 1, 1),
(4, 3, 111, 3, 2),
(5, 3, 65, 2, 2),
(1, 2, 192, 1, 1),
(4, 2, 31, 1, 2),
(3, 9, 207, 2, 2),
(3, 11, 80, 1, 2),
(5, 5, 180, 1, 1),
(5, 1, 143, 3, 2),
(2, 8, 227, 3, 1),
(4, 3, 178, 2, 1),
(4, 4, 58, 2, 2),
(4, 2, 218, 1, 1),
(2, 3, 27, 2, 1),
(2, 1, 27, 3, 1),
(4, 9, 216, 3, 1),
(2, 9, 153, 1, 2),
(4, 8, 155, 3, 2),
(2, 9, 54, 3, 1),
(2, 6, 108, 1, 1),
(1, 10, 152, 3, 2),
(5, 9, 192, 3, 1),
(4, 11, 197, 3, 2),
(1, 1, 95, 3, 2),
(2, 10, 172, 3, 1),
(5, 5, 227, 2, 1),
(3, 1, 229, 1, 1),
(2, 7, 199, 2, 1),
(4, 9, 105, 3, 1),
(1, 11, 211, 3, 2),
(3, 11, 104, 1, 1),
(5, 9, 229, 2, 1),
(1, 3, 110, 1, 2),
(1, 2, 220, 3, 2),
(5, 3, 22, 3, 1),
(2, 5, 7, 3, 2),
(3, 1, 159, 2, 2),
(1, 5, 199, 3, 1),
(4, 10, 157, 3, 2),
(5, 9, 231, 3, 1),
(5, 11, 216, 3, 1),
(1, 9, 125, 3, 1),
(3, 3, 208, 1, 1),
(1, 11, 107, 3, 2),
(3, 1, 77, 3, 2),
(1, 11, 31, 1, 1),
(3, 6, 31, 3, 1),
(1, 2, 140, 3, 2),
(5, 3, 93, 3, 1),
(5, 9, 176, 3, 2),
(2, 7, 100, 3, 1),
(5, 5, 117, 2, 2),
(2, 10, 61, 1, 1),
(4, 5, 234, 1, 1),
(5, 1, 141, 1, 1),
(4, 2, 10, 2, 2),
(4, 5, 126, 3, 2),
(2, 8, 142, 3, 2),
(3, 8, 61, 2, 1),
(4, 7, 229, 2, 2),
(1, 1, 140, 2, 2),
(1, 9, 128, 2, 2),
(4, 10, 23, 2, 2),
(2, 7, 15, 1, 1),
(5, 8, 7, 2, 1),
(5, 10, 67, 3, 1),
(2, 11, 44, 2, 2),
(3, 3, 92, 1, 2),
(3, 10, 67, 3, 2),
(2, 7, 52, 2, 2),
(2, 8, 109, 1, 1),
(5, 8, 203, 2, 2),
(4, 2, 154, 2, 2),
(1, 10, 133, 3, 2),
(1, 6, 70, 3, 2),
(5, 7, 151, 2, 1),
(4, 10, 28, 3, 1),
(5, 2, 14, 3, 1),
(1, 2, 186, 2, 1),
(1, 8, 131, 1, 2),
(1, 6, 196, 3, 1),
(5, 5, 118, 2, 2),
(5, 1, 170, 1, 2),
(4, 11, 16, 3, 1),
(3, 1, 12, 2, 1),
(1, 7, 48, 1, 1),
(2, 6, 72, 2, 2),
(4, 1, 36, 1, 1),
(2, 2, 212, 3, 2),
(1, 10, 27, 1, 1),
(4, 9, 44, 3, 1),
(2, 7, 155, 1, 1),
(5, 5, 239, 2, 1),
(5, 11, 102, 3, 2),
(4, 3, 78, 1, 1),
(3, 5, 31, 3, 1),
(3, 11, 239, 1, 2),
(4, 7, 29, 1, 2),
(5, 11, 43, 2, 1),
(4, 10, 2, 3, 2),
(3, 3, 37, 1, 2),
(3, 5, 17, 3, 1),
(2, 8, 227, 2, 2),
(4, 6, 77, 3, 2),
(5, 3, 156, 3, 2),
(1, 1, 178, 1, 2),
(2, 10, 31, 2, 2),
(2, 1, 184, 3, 1),
(1, 3, 233, 2, 2),
(2, 11, 32, 2, 1),
(1, 2, 111, 2, 1),
(3, 8, 121, 1, 1),
(2, 8, 133, 3, 2),
(5, 4, 33, 1, 1),
(1, 2, 135, 1, 1),
(3, 6, 137, 3, 1),
(4, 8, 145, 2, 1),
(3, 9, 210, 1, 1),
(2, 8, 74, 1, 2),
(4, 6, 93, 3, 2),
(1, 8, 44, 1, 1),
(5, 3, 73, 1, 1),
(2, 5, 166, 3, 1),
(1, 3, 21, 3, 2),
(1, 8, 102, 1, 1),
(1, 11, 221, 1, 2),
(3, 3, 233, 1, 1),
(4, 1, 11, 3, 2),
(2, 7, 15, 3, 2),
(5, 6, 75, 3, 1),
(1, 5, 103, 2, 2),
(3, 10, 33, 1, 1),
(5, 10, 142, 1, 1),
(1, 2, 38, 1, 2),
(4, 3, 10, 3, 1),
(3, 3, 99, 1, 2),
(1, 1, 19, 2, 2),
(4, 4, 176, 3, 2),
(3, 2, 65, 3, 2),
(1, 11, 203, 3, 2),
(5, 11, 129, 2, 1),
(3, 9, 22, 2, 2),
(3, 4, 28, 1, 2),
(5, 3, 40, 3, 2),
(5, 7, 152, 3, 2),
(3, 1, 86, 2, 2),
(1, 5, 152, 3, 1),
(5, 10, 190, 1, 2),
(3, 4, 227, 2, 1),
(4, 6, 98, 1, 1),
(4, 10, 123, 2, 1),
(3, 5, 52, 2, 1),
(4, 3, 13, 3, 1),
(5, 7, 113, 3, 2),
(1, 4, 84, 3, 1),
(5, 1, 134, 2, 1),
(5, 4, 81, 2, 1),
(4, 1, 118, 3, 1),
(4, 3, 52, 3, 2),
(2, 3, 238, 2, 2),
(2, 4, 8, 1, 1),
(3, 2, 91, 2, 1),
(5, 6, 137, 1, 2),
(5, 5, 158, 2, 2),
(2, 1, 195, 3, 1),
(2, 11, 15, 1, 1),
(5, 6, 177, 1, 1),
(5, 5, 112, 1, 2),
(3, 9, 112, 3, 2),
(3, 9, 109, 1, 2),
(2, 9, 142, 2, 2),
(5, 11, 72, 1, 1),
(5, 10, 37, 1, 1),
(4, 10, 104, 1, 1),
(4, 9, 22, 2, 2),
(4, 4, 69, 3, 2),
(1, 3, 205, 1, 1),
(5, 4, 153, 3, 2),
(1, 3, 28, 3, 1),
(1, 7, 199, 2, 1),
(5, 8, 20, 3, 2),
(5, 11, 82, 1, 1),
(4, 2, 80, 1, 2),
(2, 2, 105, 2, 1),
(2, 4, 91, 2, 1),
(2, 8, 46, 3, 1),
(4, 8, 232, 2, 2),
(3, 8, 232, 3, 1),
(3, 3, 230, 1, 2),
(2, 1, 20, 3, 1),
(5, 5, 67, 1, 1),
(3, 4, 22, 3, 1),
(4, 4, 232, 2, 1),
(4, 4, 224, 2, 2),
(1, 3, 82, 2, 2),
(1, 1, 209, 2, 2),
(3, 1, 61, 2, 2),
(2, 3, 14, 3, 2),
(4, 7, 4, 2, 1),
(2, 4, 96, 2, 2),
(1, 10, 212, 2, 1),
(2, 11, 184, 3, 1),
(4, 11, 49, 1, 2),
(1, 3, 52, 3, 2),
(1, 4, 73, 3, 1),
(1, 2, 229, 1, 2),
(3, 1, 145, 1, 1),
(1, 9, 53, 1, 2),
(2, 6, 35, 3, 1),
(4, 7, 172, 1, 1),
(5, 5, 150, 1, 2),
(1, 8, 52, 3, 1),
(4, 9, 115, 3, 1),
(1, 10, 185, 1, 1),
(2, 9, 140, 3, 2),
(2, 6, 226, 1, 2),
(5, 8, 200, 2, 1),
(1, 2, 187, 2, 1),
(5, 9, 222, 3, 2),
(1, 4, 97, 2, 1),
(5, 8, 196, 1, 2),
(4, 6, 240, 3, 2),
(4, 11, 83, 2, 2),
(1, 6, 108, 3, 1),
(5, 7, 236, 3, 1),
(1, 9, 178, 3, 2),
(2, 8, 45, 3, 2),
(5, 5, 157, 1, 2),
(1, 10, 238, 2, 1),
(4, 11, 74, 1, 2),
(3, 2, 238, 2, 2),
(5, 5, 196, 1, 2),
(4, 10, 70, 3, 2),
(1, 2, 219, 1, 1),
(4, 4, 204, 1, 2),
(5, 11, 92, 2, 1),
(4, 8, 136, 3, 2),
(3, 9, 89, 3, 1),
(5, 4, 141, 2, 2),
(2, 3, 192, 1, 1),
(2, 1, 189, 2, 1),
(2, 10, 89, 1, 1),
(5, 3, 177, 1, 1),
(2, 3, 205, 3, 2),
(1, 2, 96, 3, 2),
(3, 1, 197, 1, 2),
(5, 4, 30, 2, 2),
(5, 1, 132, 3, 2),
(2, 1, 121, 1, 2),
(5, 7, 69, 1, 1),
(3, 11, 115, 1, 2),
(1, 7, 88, 2, 2),
(2, 6, 101, 1, 2),
(4, 10, 20, 3, 1),
(1, 3, 120, 3, 1),
(2, 8, 164, 2, 1),
(1, 5, 180, 2, 2),
(4, 6, 157, 1, 2),
(4, 1, 232, 2, 2),
(1, 9, 210, 1, 2),
(2, 2, 189, 2, 1),
(1, 9, 86, 3, 1),
(2, 6, 71, 2, 2),
(1, 9, 212, 3, 2),
(2, 1, 162, 1, 1),
(2, 6, 191, 3, 2),
(1, 5, 29, 2, 1),
(1, 1, 8, 2, 2),
(4, 1, 203, 3, 1),
(1, 10, 219, 2, 2),
(1, 10, 124, 2, 1),
(4, 9, 166, 2, 1),
(3, 9, 56, 3, 1),
(2, 1, 131, 1, 1),
(5, 11, 235, 2, 2),
(5, 1, 73, 1, 2),
(5, 8, 193, 1, 2),
(2, 7, 121, 3, 2),
(3, 8, 208, 3, 2),
(2, 3, 224, 3, 2),
(4, 4, 155, 3, 1),
(5, 4, 136, 1, 1),
(3, 7, 19, 3, 2),
(2, 8, 175, 2, 1),
(3, 9, 113, 2, 2),
(3, 3, 190, 3, 1),
(3, 9, 132, 2, 1),
(5, 9, 120, 2, 2),
(3, 4, 100, 3, 2),
(2, 4, 8, 3, 1),
(2, 11, 10, 3, 2),
(3, 6, 57, 2, 1),
(2, 5, 30, 3, 1),
(5, 4, 185, 1, 2),
(4, 7, 170, 1, 1),
(1, 7, 167, 3, 2),
(1, 7, 202, 3, 2),
(1, 6, 224, 3, 1),
(4, 8, 87, 1, 1),
(3, 8, 76, 3, 2),
(1, 1, 234, 1, 2),
(4, 8, 230, 2, 1),
(5, 1, 205, 3, 1),
(1, 10, 64, 3, 1),
(3, 3, 141, 3, 2),
(3, 9, 122, 2, 1),
(1, 6, 29, 1, 1),
(3, 3, 205, 3, 1),
(2, 11, 12, 3, 2),
(1, 4, 35, 1, 1),
(1, 3, 189, 2, 2),
(2, 8, 72, 1, 1),
(4, 3, 62, 2, 1),
(4, 5, 217, 1, 1),
(4, 5, 81, 3, 2),
(3, 4, 212, 2, 2),
(3, 9, 111, 1, 2),
(3, 8, 205, 3, 1),
(3, 7, 191, 2, 2),
(2, 2, 11, 3, 1),
(5, 8, 101, 3, 1),
(3, 3, 189, 2, 2),
(3, 3, 42, 2, 2),
(5, 9, 99, 1, 2),
(2, 6, 240, 3, 1),
(3, 3, 65, 1, 2),
(4, 8, 206, 3, 2),
(2, 4, 116, 3, 2),
(3, 9, 231, 3, 2),
(2, 11, 101, 3, 1),
(3, 6, 81, 3, 1),
(2, 4, 169, 3, 2),
(1, 1, 179, 3, 2),
(3, 10, 230, 3, 2),
(1, 1, 219, 1, 2),
(1, 10, 188, 3, 1),
(5, 3, 74, 2, 2),
(2, 6, 205, 1, 1),
(3, 11, 142, 2, 2),
(3, 1, 7, 3, 2),
(1, 5, 206, 1, 1),
(5, 5, 186, 2, 1),
(4, 10, 23, 1, 1),
(2, 1, 197, 1, 1),
(2, 5, 63, 3, 2),
(5, 11, 217, 3, 1),
(2, 3, 46, 1, 2),
(5, 5, 98, 2, 1),
(5, 4, 9, 2, 1),
(3, 9, 235, 1, 1),
(2, 11, 234, 3, 2),
(2, 8, 65, 2, 1),
(2, 8, 158, 1, 2),
(3, 7, 24, 2, 1),
(1, 2, 148, 1, 2),
(2, 5, 4, 3, 1),
(4, 8, 5, 2, 1),
(3, 8, 61, 3, 2),
(5, 3, 110, 3, 1),
(4, 9, 106, 2, 1),
(3, 2, 239, 3, 2),
(5, 11, 50, 1, 1),
(5, 10, 161, 3, 2),
(1, 2, 175, 2, 2),
(5, 8, 35, 3, 2),
(2, 7, 194, 1, 1),
(1, 3, 124, 1, 2),
(1, 9, 146, 3, 2),
(5, 1, 183, 2, 1),
(1, 10, 84, 3, 1),
(4, 9, 57, 1, 1),
(3, 6, 46, 1, 2),
(2, 7, 70, 2, 1),
(1, 2, 74, 2, 1),
(2, 1, 4, 3, 2),
(1, 1, 171, 2, 2),
(2, 6, 211, 2, 1),
(5, 7, 79, 3, 2),
(2, 5, 75, 3, 2),
(5, 1, 99, 1, 1),
(4, 2, 131, 2, 1),
(5, 7, 89, 1, 1),
(3, 3, 12, 2, 1),
(1, 3, 166, 3, 2),
(3, 5, 156, 1, 2),
(4, 7, 40, 1, 2),
(5, 6, 41, 1, 2),
(1, 4, 232, 2, 2),
(3, 9, 135, 3, 2),
(1, 2, 22, 3, 2),
(5, 3, 153, 2, 2),
(5, 4, 209, 1, 2),
(2, 11, 130, 3, 2),
(1, 10, 213, 2, 1),
(4, 3, 121, 3, 1),
(5, 2, 144, 1, 2),
(5, 3, 154, 2, 2),
(2, 4, 171, 2, 1),
(1, 3, 163, 1, 1),
(4, 8, 162, 2, 2),
(4, 9, 11, 2, 2),
(1, 1, 200, 3, 1),
(1, 8, 233, 2, 1),
(1, 11, 219, 2, 2),
(5, 9, 120, 1, 1),
(2, 9, 94, 1, 2),
(1, 1, 77, 3, 1),
(2, 2, 13, 2, 2),
(4, 2, 236, 3, 1),
(3, 5, 236, 3, 2),
(1, 6, 109, 1, 1),
(2, 5, 14, 2, 2),
(2, 7, 151, 3, 2),
(1, 8, 127, 2, 2),
(2, 11, 34, 2, 2),
(1, 1, 40, 1, 2),
(1, 2, 8, 3, 2),
(4, 9, 52, 2, 2),
(3, 4, 212, 3, 1),
(3, 3, 48, 3, 2),
(2, 3, 103, 1, 2),
(5, 3, 163, 3, 2),
(1, 1, 155, 2, 2),
(5, 9, 10, 1, 1),
(4, 3, 43, 1, 1),
(4, 1, 104, 1, 1),
(5, 6, 236, 2, 2),
(1, 3, 206, 1, 2),
(5, 9, 71, 1, 1),
(1, 9, 102, 2, 1),
(2, 1, 7, 2, 1),
(3, 2, 71, 2, 1),
(1, 9, 55, 1, 2),
(5, 7, 154, 3, 2),
(5, 4, 47, 1, 2),
(3, 9, 21, 1, 2),
(4, 10, 104, 1, 2),
(1, 4, 239, 2, 2),
(1, 11, 117, 2, 1),
(1, 4, 122, 1, 1),
(3, 11, 109, 1, 2),
(2, 5, 141, 3, 2),
(1, 3, 28, 2, 2),
(1, 9, 183, 1, 1),
(1, 1, 188, 1, 1),
(1, 8, 140, 2, 2),
(2, 8, 215, 1, 2),
(1, 2, 38, 3, 2),
(4, 7, 201, 3, 1),
(5, 4, 31, 1, 1),
(5, 9, 116, 3, 1),
(4, 9, 206, 2, 1),
(4, 1, 114, 1, 2),
(5, 1, 92, 2, 1),
(4, 2, 19, 3, 1),
(4, 2, 118, 1, 1),
(2, 7, 166, 3, 2),
(4, 5, 71, 1, 2),
(2, 9, 194, 2, 2),
(2, 7, 45, 2, 2),
(1, 6, 145, 3, 2),
(5, 7, 31, 1, 1),
(4, 7, 4, 1, 2),
(5, 3, 115, 2, 2),
(3, 1, 91, 1, 1),
(5, 10, 12, 1, 2),
(4, 6, 41, 3, 1),
(4, 2, 228, 1, 1),
(5, 8, 214, 3, 2),
(1, 4, 51, 2, 2),
(1, 10, 163, 3, 2),
(3, 2, 128, 2, 2),
(1, 6, 96, 3, 2),
(4, 9, 140, 3, 2),
(3, 7, 175, 1, 1),
(4, 1, 215, 2, 2),
(3, 3, 159, 1, 2),
(3, 3, 60, 2, 2),
(1, 8, 209, 1, 2),
(4, 6, 67, 3, 2),
(3, 11, 117, 3, 2),
(5, 3, 70, 2, 1),
(3, 11, 5, 1, 2),
(4, 9, 124, 1, 1),
(4, 5, 198, 3, 1),
(3, 8, 107, 2, 2),
(5, 7, 38, 3, 2),
(1, 11, 161, 1, 2),
(1, 10, 235, 1, 2),
(2, 2, 43, 1, 1),
(4, 9, 91, 2, 2),
(4, 1, 82, 3, 2),
(2, 5, 164, 1, 2),
(5, 3, 202, 2, 1),
(3, 1, 159, 1, 1),
(3, 4, 199, 2, 2),
(4, 5, 166, 3, 2),
(3, 9, 131, 3, 2),
(4, 6, 34, 2, 2),
(4, 10, 40, 3, 1),
(2, 10, 150, 3, 2),
(5, 9, 84, 2, 1),
(5, 8, 127, 2, 2),
(1, 6, 76, 2, 1),
(2, 6, 154, 3, 2),
(4, 8, 167, 1, 1),
(1, 2, 114, 3, 1),
(3, 8, 52, 2, 2),
(4, 9, 198, 1, 2),
(3, 10, 90, 2, 2),
(5, 7, 236, 1, 1),
(2, 7, 27, 3, 2),
(4, 11, 41, 3, 1),
(1, 3, 192, 3, 1),
(5, 9, 10, 3, 1),
(1, 8, 171, 1, 1),
(5, 5, 95, 2, 2),
(5, 2, 130, 1, 1),
(5, 2, 231, 2, 1),
(4, 1, 117, 3, 2),
(3, 1, 41, 1, 2),
(5, 11, 204, 3, 1),
(4, 8, 231, 3, 1),
(2, 2, 157, 2, 1),
(2, 6, 187, 1, 2),
(4, 2, 102, 3, 1),
(1, 3, 126, 1, 1),
(4, 3, 233, 2, 2),
(5, 8, 140, 2, 1),
(1, 2, 113, 1, 2),
(1, 9, 82, 2, 1),
(5, 2, 239, 1, 1),
(3, 2, 26, 2, 2),
(3, 3, 17, 2, 1),
(3, 9, 80, 1, 2),
(4, 1, 56, 1, 1),
(3, 9, 210, 2, 2),
(1, 11, 175, 3, 2),
(2, 3, 145, 3, 2),
(2, 9, 137, 1, 1),
(3, 5, 213, 3, 1),
(1, 9, 62, 1, 2),
(2, 1, 160, 3, 1),
(2, 11, 23, 3, 1),
(5, 5, 71, 3, 1),
(3, 8, 78, 2, 1),
(2, 8, 66, 3, 2),
(1, 2, 66, 2, 2),
(4, 3, 169, 3, 2),
(2, 7, 150, 3, 1),
(2, 4, 14, 3, 1),
(4, 4, 109, 1, 1),
(1, 10, 39, 3, 2),
(1, 11, 230, 2, 2),
(1, 9, 199, 1, 2),
(3, 4, 18, 1, 2),
(3, 8, 211, 3, 1),
(5, 2, 185, 3, 1),
(5, 2, 230, 2, 1),
(3, 4, 193, 3, 1),
(3, 4, 96, 3, 2),
(3, 8, 76, 1, 1),
(3, 11, 142, 1, 1),
(5, 2, 11, 1, 1),
(1, 5, 11, 2, 1),
(2, 3, 226, 2, 1),
(4, 9, 228, 1, 2),
(1, 5, 192, 3, 2),
(3, 6, 93, 3, 2),
(2, 10, 67, 1, 1),
(3, 5, 177, 2, 1),
(4, 6, 216, 2, 1),
(2, 11, 45, 2, 2),
(4, 6, 146, 1, 2),
(4, 7, 50, 1, 2),
(1, 1, 136, 1, 1),
(4, 5, 131, 1, 2),
(1, 6, 84, 2, 1),
(1, 7, 76, 3, 2),
(3, 9, 179, 1, 1),
(2, 11, 206, 1, 1),
(1, 1, 133, 1, 1),
(2, 1, 55, 3, 1),
(1, 1, 206, 1, 2),
(5, 4, 21, 2, 2),
(3, 9, 41, 3, 2),
(3, 3, 198, 1, 2),
(4, 1, 196, 2, 2),
(2, 2, 188, 3, 2),
(5, 9, 19, 2, 1),
(1, 5, 31, 3, 2),
(5, 2, 144, 3, 1),
(4, 2, 151, 2, 1),
(4, 2, 74, 1, 1),
(5, 8, 27, 2, 1),
(3, 8, 240, 1, 2),
(1, 3, 141, 2, 2),
(3, 8, 226, 3, 2),
(5, 3, 173, 1, 2),
(5, 2, 138, 3, 1),
(1, 7, 30, 2, 1),
(1, 7, 200, 2, 1),
(4, 9, 71, 3, 2),
(3, 6, 180, 2, 2),
(4, 2, 206, 3, 1),
(2, 2, 50, 3, 1),
(5, 5, 39, 2, 1),
(3, 8, 76, 3, 2),
(1, 9, 237, 3, 1),
(5, 11, 206, 1, 1),
(5, 9, 177, 1, 1),
(1, 7, 135, 3, 2),
(4, 6, 226, 2, 1),
(4, 11, 152, 1, 1),
(5, 10, 64, 3, 2),
(2, 6, 75, 1, 2),
(2, 7, 223, 2, 2),
(2, 1, 203, 2, 1),
(5, 6, 121, 2, 1),
(2, 8, 3, 1, 2),
(2, 2, 199, 1, 1),
(2, 8, 162, 1, 1),
(5, 6, 86, 2, 2),
(4, 10, 168, 1, 1),
(3, 10, 67, 3, 2),
(4, 6, 138, 3, 1),
(3, 6, 23, 1, 2),
(1, 9, 97, 2, 1),
(5, 10, 144, 2, 2),
(1, 5, 218, 3, 2),
(4, 2, 178, 1, 1),
(1, 5, 51, 1, 2),
(5, 3, 119, 1, 2),
(5, 2, 163, 1, 1),
(2, 11, 214, 3, 2),
(1, 8, 37, 2, 2),
(1, 3, 211, 3, 1),
(3, 11, 15, 1, 2),
(4, 9, 200, 3, 1),
(1, 9, 89, 2, 1),
(1, 9, 84, 2, 2),
(5, 7, 237, 3, 1),
(4, 3, 211, 2, 1),
(1, 8, 209, 2, 1),
(3, 6, 39, 2, 2),
(4, 8, 40, 3, 1),
(1, 7, 11, 2, 2),
(2, 1, 90, 3, 2),
(2, 10, 228, 2, 2),
(5, 5, 238, 2, 1),
(1, 8, 51, 3, 2),
(1, 3, 159, 3, 2),
(5, 10, 237, 3, 1),
(5, 9, 131, 1, 1),
(2, 7, 117, 1, 1),
(2, 10, 106, 3, 2),
(3, 2, 215, 2, 1),
(5, 2, 62, 2, 1),
(4, 10, 125, 3, 2),
(1, 2, 95, 2, 1),
(3, 5, 194, 2, 1),
(2, 6, 181, 2, 1),
(5, 3, 34, 2, 1),
(4, 4, 154, 3, 1),
(3, 3, 235, 1, 1),
(4, 11, 1, 3, 1),
(1, 10, 45, 3, 1),
(1, 6, 214, 2, 2),
(3, 7, 145, 3, 1),
(2, 8, 142, 1, 2),
(1, 9, 217, 1, 1),
(4, 2, 90, 2, 1),
(4, 6, 218, 3, 2),
(3, 5, 13, 1, 1),
(1, 10, 3, 3, 1),
(2, 7, 2, 3, 2),
(1, 10, 216, 1, 2),
(5, 8, 10, 3, 2),
(2, 1, 113, 1, 2),
(3, 1, 232, 1, 2),
(2, 4, 36, 3, 1),
(5, 2, 167, 1, 2),
(4, 3, 103, 1, 2),
(5, 8, 145, 2, 2),
(2, 11, 155, 3, 1),
(2, 9, 172, 2, 1),
(2, 8, 153, 2, 1),
(5, 3, 51, 3, 2),
(5, 9, 33, 2, 2),
(5, 4, 14, 1, 1),
(3, 5, 239, 1, 1),
(5, 3, 238, 2, 2),
(1, 4, 129, 1, 1),
(3, 9, 10, 3, 1),
(3, 2, 116, 2, 2),
(5, 5, 69, 3, 2),
(3, 10, 177, 3, 1),
(4, 3, 74, 2, 1),
(4, 1, 166, 2, 1),
(2, 10, 21, 3, 1),
(4, 6, 103, 1, 2),
(2, 9, 4, 3, 1),
(1, 4, 139, 1, 2),
(2, 2, 147, 1, 2),
(2, 1, 142, 3, 1),
(1, 9, 46, 3, 2),
(3, 2, 142, 1, 1),
(1, 8, 129, 2, 1),
(3, 2, 113, 1, 2),
(3, 6, 160, 1, 1),
(4, 9, 99, 1, 2),
(2, 7, 131, 1, 2),
(1, 10, 85, 3, 1),
(3, 4, 123, 1, 1),
(4, 7, 53, 3, 2),
(2, 5, 159, 2, 1),
(4, 7, 34, 3, 2),
(4, 2, 93, 1, 2),
(2, 7, 28, 3, 1),
(2, 1, 200, 1, 2),
(3, 6, 222, 1, 2),
(4, 7, 168, 1, 2),
(2, 6, 235, 1, 1),
(3, 1, 2, 1, 1),
(2, 3, 1, 1, 2),
(2, 3, 185, 1, 1),
(5, 7, 34, 1, 2),
(5, 5, 57, 2, 1),
(2, 11, 222, 2, 2),
(5, 8, 38, 2, 1),
(4, 3, 43, 2, 1),
(4, 9, 133, 1, 1),
(4, 11, 79, 3, 1),
(5, 3, 4, 3, 1),
(2, 4, 162, 1, 1),
(4, 2, 169, 2, 2),
(3, 3, 109, 2, 1),
(1, 5, 35, 2, 1),
(1, 11, 53, 3, 1),
(3, 9, 8, 1, 2),
(4, 2, 6, 1, 2),
(2, 5, 66, 2, 2),
(1, 4, 220, 2, 2),
(2, 9, 5, 1, 2),
(4, 6, 172, 3, 1),
(4, 5, 240, 3, 1),
(3, 11, 223, 3, 1),
(1, 10, 170, 1, 1),
(2, 8, 173, 3, 1),
(2, 1, 235, 1, 1),
(3, 3, 210, 2, 2),
(3, 2, 199, 3, 1),
(5, 1, 107, 2, 1),
(1, 6, 1, 1, 1),
(5, 4, 46, 2, 1),
(1, 8, 174, 3, 2),
(2, 4, 214, 3, 2),
(1, 1, 166, 1, 2),
(1, 4, 150, 2, 2),
(4, 10, 126, 2, 1),
(2, 1, 9, 1, 1),
(4, 1, 123, 1, 1),
(4, 3, 95, 1, 1),
(1, 1, 44, 3, 1),
(1, 4, 22, 3, 2),
(2, 2, 16, 3, 2),
(1, 2, 185, 3, 2),
(1, 10, 51, 3, 2),
(3, 1, 126, 3, 1),
(2, 1, 15, 2, 1),
(4, 3, 188, 1, 2),
(3, 3, 148, 1, 1),
(2, 8, 117, 1, 1),
(5, 5, 188, 2, 1),
(2, 4, 133, 1, 1),
(2, 10, 119, 1, 1),
(3, 4, 240, 1, 2),
(1, 4, 4, 2, 1),
(4, 6, 108, 3, 1),
(4, 8, 225, 2, 1),
(4, 4, 88, 3, 1),
(1, 5, 69, 3, 2),
(4, 1, 158, 1, 2),
(3, 4, 9, 1, 1),
(3, 1, 97, 3, 1),
(1, 6, 191, 3, 1),
(1, 7, 33, 2, 2),
(3, 1, 194, 3, 2),
(1, 7, 239, 2, 1),
(4, 5, 115, 3, 1),
(4, 1, 132, 3, 1),
(1, 6, 136, 2, 2),
(1, 3, 204, 1, 1),
(3, 9, 172, 3, 1),
(1, 7, 236, 1, 2),
(3, 10, 64, 3, 1),
(2, 4, 41, 2, 1),
(5, 3, 123, 1, 2),
(4, 7, 125, 2, 2),
(3, 4, 122, 1, 2),
(5, 6, 239, 3, 2),
(4, 4, 208, 2, 2),
(3, 7, 140, 1, 2),
(1, 4, 215, 2, 1),
(4, 6, 2, 1, 2),
(4, 2, 38, 2, 1),
(5, 2, 71, 3, 2),
(3, 1, 3, 1, 1),
(4, 5, 100, 2, 1),
(1, 1, 1, 2, 1),
(4, 6, 2, 1, 2),
(5, 1, 46, 3, 1),
(2, 11, 90, 2, 2),
(5, 5, 45, 2, 2),
(1, 9, 7, 1, 1),
(3, 1, 219, 2, 1),
(1, 1, 41, 1, 1),
(5, 10, 154, 3, 1),
(3, 8, 23, 2, 1),
(4, 8, 21, 3, 1),
(1, 8, 99, 2, 1),
(5, 6, 130, 3, 1),
(3, 3, 202, 1, 1),
(3, 2, 98, 1, 2),
(1, 4, 177, 1, 2),
(5, 7, 157, 2, 1),
(3, 9, 211, 3, 2),
(4, 1, 47, 1, 1),
(4, 1, 83, 3, 2),
(5, 8, 204, 3, 2),
(1, 3, 88, 3, 2),
(3, 7, 35, 3, 1),
(4, 8, 193, 1, 1),
(3, 7, 138, 2, 2),
(1, 3, 156, 1, 1),
(2, 5, 152, 3, 2),
(3, 9, 1, 1, 1),
(5, 8, 85, 1, 1),
(4, 9, 49, 3, 2),
(5, 7, 191, 2, 1),
(2, 11, 84, 1, 2),
(5, 2, 103, 1, 1),
(4, 1, 95, 2, 2),
(3, 6, 187, 3, 2),
(3, 2, 14, 3, 1),
(5, 6, 79, 3, 1),
(4, 6, 112, 2, 2),
(3, 5, 9, 2, 1),
(3, 5, 231, 2, 1),
(4, 4, 37, 2, 2),
(5, 9, 171, 3, 2),
(2, 1, 225, 3, 2),
(3, 7, 34, 3, 2),
(4, 5, 76, 2, 1),
(5, 7, 150, 1, 1),
(3, 1, 15, 2, 2),
(1, 2, 205, 3, 2),
(4, 2, 151, 2, 1),
(2, 11, 76, 3, 2),
(1, 5, 182, 3, 1),
(5, 1, 2, 1, 1),
(4, 11, 34, 2, 1),
(3, 1, 206, 1, 2),
(3, 3, 179, 2, 1),
(3, 2, 94, 2, 2),
(5, 7, 114, 1, 1),
(5, 5, 32, 3, 1),
(2, 1, 47, 2, 2),
(3, 5, 239, 2, 2),
(4, 4, 20, 2, 1),
(5, 5, 145, 3, 2),
(1, 11, 82, 1, 1),
(4, 4, 146, 3, 2),
(1, 1, 239, 2, 1),
(4, 8, 219, 3, 2),
(3, 9, 37, 2, 2),
(5, 6, 236, 1, 1),
(3, 6, 134, 1, 1),
(4, 3, 208, 2, 2),
(5, 5, 181, 1, 2),
(4, 10, 67, 3, 1),
(1, 6, 128, 2, 1),
(1, 3, 99, 2, 2),
(5, 2, 150, 2, 2),
(1, 5, 136, 2, 2),
(3, 1, 215, 3, 1),
(5, 5, 239, 1, 2),
(3, 7, 221, 3, 1),
(4, 11, 198, 1, 1),
(3, 7, 101, 2, 2),
(1, 6, 222, 2, 1),
(3, 5, 235, 3, 2),
(4, 7, 206, 2, 1),
(5, 8, 10, 3, 2),
(5, 8, 7, 3, 1),
(4, 10, 54, 2, 2),
(5, 4, 220, 1, 2),
(4, 1, 6, 2, 2),
(4, 2, 225, 3, 2),
(4, 4, 38, 2, 2),
(5, 8, 8, 3, 1),
(2, 8, 21, 2, 2),
(5, 7, 139, 3, 1),
(5, 7, 166, 2, 1),
(2, 3, 13, 2, 1),
(5, 3, 97, 1, 1),
(2, 4, 70, 3, 1),
(1, 7, 106, 1, 2),
(5, 7, 54, 1, 2),
(5, 10, 66, 1, 1),
(3, 10, 106, 2, 2),
(3, 9, 160, 1, 2),
(4, 7, 169, 1, 2),
(2, 5, 87, 2, 1),
(5, 1, 58, 2, 1),
(1, 4, 90, 1, 2),
(5, 10, 92, 2, 1),
(1, 5, 99, 2, 1),
(4, 5, 90, 3, 1),
(5, 7, 172, 1, 2),
(4, 11, 94, 3, 2),
(2, 8, 137, 2, 1),
(4, 6, 122, 2, 2),
(5, 4, 236, 2, 2),
(4, 1, 139, 2, 2),
(1, 5, 36, 3, 1),
(3, 7, 220, 2, 1),
(3, 5, 213, 1, 1),
(4, 5, 87, 2, 1),
(1, 10, 230, 3, 2),
(1, 9, 69, 1, 2),
(4, 3, 22, 3, 2),
(4, 4, 92, 3, 1),
(3, 1, 168, 3, 1),
(3, 4, 47, 3, 1),
(1, 7, 190, 3, 1),
(2, 5, 94, 2, 1),
(3, 1, 55, 3, 2),
(3, 2, 220, 1, 2),
(3, 11, 103, 1, 2),
(3, 5, 78, 3, 2),
(4, 10, 189, 3, 1),
(5, 6, 34, 3, 2),
(4, 7, 36, 3, 1),
(3, 9, 86, 3, 1),
(1, 5, 194, 3, 2),
(4, 2, 111, 2, 1),
(1, 2, 6, 3, 1),
(5, 3, 90, 2, 2),
(1, 9, 69, 2, 2),
(3, 10, 229, 2, 2),
(4, 11, 25, 2, 2),
(4, 1, 125, 1, 1),
(5, 6, 227, 1, 2),
(3, 9, 139, 2, 1),
(2, 7, 9, 3, 1),
(3, 2, 9, 2, 2),
(1, 11, 205, 3, 2),
(2, 1, 5, 2, 2),
(3, 2, 119, 1, 2),
(5, 5, 57, 3, 1),
(3, 2, 46, 1, 2),
(2, 6, 85, 3, 1),
(2, 7, 35, 2, 1),
(4, 6, 200, 3, 2),
(1, 10, 225, 2, 1),
(5, 10, 141, 1, 2),
(3, 11, 149, 1, 2),
(1, 7, 162, 3, 1),
(5, 7, 79, 1, 1),
(1, 10, 45, 1, 1),
(3, 2, 80, 2, 2),
(1, 6, 123, 3, 2),
(1, 10, 82, 3, 2),
(4, 6, 5, 2, 1),
(2, 8, 158, 1, 2),
(4, 8, 42, 1, 1),
(5, 1, 176, 2, 1),
(4, 2, 33, 2, 2),
(1, 9, 23, 3, 2),
(1, 4, 191, 3, 2),
(5, 1, 182, 2, 1),
(1, 9, 87, 2, 1),
(1, 6, 52, 1, 1),
(2, 3, 18, 3, 1),
(1, 6, 120, 3, 1),
(4, 11, 88, 2, 2),
(2, 6, 36, 2, 1),
(4, 3, 58, 2, 1),
(5, 7, 156, 1, 1),
(4, 6, 132, 3, 1),
(2, 2, 74, 2, 1),
(5, 8, 39, 3, 1),
(4, 11, 126, 2, 2),
(4, 3, 144, 1, 1),
(3, 8, 212, 1, 2),
(3, 5, 81, 1, 2),
(1, 10, 122, 2, 2),
(5, 6, 230, 1, 1),
(3, 2, 224, 3, 1),
(4, 3, 216, 1, 1),
(3, 8, 57, 2, 1),
(4, 3, 43, 2, 2),
(2, 2, 158, 2, 2),
(1, 10, 96, 1, 1),
(2, 9, 97, 1, 2),
(3, 7, 225, 2, 1),
(5, 4, 211, 1, 1),
(1, 9, 193, 2, 2),
(5, 2, 28, 2, 1),
(3, 4, 206, 3, 2),
(2, 7, 151, 2, 1),
(3, 5, 69, 1, 2),
(2, 8, 117, 3, 1),
(2, 7, 107, 1, 1),
(4, 3, 22, 1, 2),
(4, 5, 60, 1, 2),
(5, 11, 196, 1, 2),
(4, 5, 131, 2, 2),
(1, 11, 85, 1, 1),
(5, 3, 3, 3, 1),
(5, 6, 185, 3, 2),
(1, 3, 164, 1, 2),
(5, 3, 198, 2, 1),
(4, 11, 32, 3, 2),
(1, 7, 142, 3, 1),
(3, 9, 137, 3, 2),
(2, 8, 169, 3, 1),
(4, 1, 216, 2, 2),
(4, 4, 48, 3, 2),
(3, 1, 176, 1, 2),
(3, 2, 36, 1, 2),
(3, 9, 28, 3, 1),
(1, 10, 233, 2, 1),
(1, 3, 193, 2, 1),
(3, 8, 220, 3, 1),
(5, 1, 187, 2, 2),
(1, 6, 94, 2, 1),
(4, 11, 237, 3, 2),
(5, 1, 108, 2, 1),
(3, 6, 161, 1, 2),
(5, 8, 90, 1, 1),
(2, 11, 173, 3, 2),
(2, 9, 20, 1, 1),
(4, 5, 96, 3, 1),
(5, 11, 107, 2, 2),
(4, 6, 199, 2, 1),
(4, 10, 207, 1, 2),
(5, 8, 68, 3, 2),
(4, 2, 181, 1, 2),
(3, 8, 130, 1, 1),
(5, 7, 16, 3, 2),
(3, 7, 211, 3, 2),
(2, 4, 138, 3, 1),
(4, 8, 17, 3, 1),
(2, 10, 127, 2, 2),
(3, 7, 117, 1, 1),
(2, 10, 75, 1, 2),
(1, 3, 139, 3, 2),
(1, 4, 55, 1, 2),
(3, 1, 13, 2, 1),
(4, 7, 165, 2, 1),
(5, 9, 223, 2, 2),
(5, 2, 74, 2, 1),
(4, 1, 240, 1, 2),
(4, 10, 2, 3, 2),
(1, 2, 203, 1, 1),
(5, 11, 17, 3, 1),
(1, 11, 173, 2, 1),
(3, 7, 225, 3, 2),
(3, 4, 240, 1, 2),
(1, 5, 119, 1, 2),
(2, 6, 179, 3, 1),
(4, 8, 140, 1, 2),
(5, 9, 35, 2, 1),
(2, 5, 79, 3, 2),
(5, 1, 62, 2, 1),
(3, 2, 75, 3, 1),
(5, 9, 87, 3, 2),
(4, 11, 86, 2, 2),
(1, 1, 208, 2, 2),
(4, 1, 29, 1, 2),
(5, 4, 183, 1, 2),
(1, 6, 118, 1, 1),
(2, 10, 103, 2, 1),
(5, 9, 202, 2, 2),
(1, 9, 52, 3, 1),
(2, 5, 126, 3, 2),
(1, 3, 42, 3, 2),
(5, 1, 143, 1, 1),
(1, 10, 116, 2, 1),
(4, 3, 165, 2, 2),
(1, 8, 89, 2, 2),
(3, 11, 161, 3, 1),
(4, 8, 98, 2, 2),
(4, 8, 126, 2, 2),
(5, 4, 237, 1, 1),
(5, 5, 19, 1, 2),
(1, 2, 55, 3, 2),
(3, 6, 71, 2, 1),
(5, 9, 28, 3, 2),
(2, 8, 230, 1, 2),
(1, 2, 98, 3, 1),
(1, 9, 180, 3, 2),
(4, 9, 12, 1, 2),
(5, 8, 181, 2, 2),
(2, 3, 162, 1, 1),
(4, 1, 194, 3, 1),
(4, 5, 28, 2, 2),
(3, 10, 170, 1, 1),
(1, 4, 27, 1, 2),
(5, 7, 103, 2, 1),
(3, 1, 111, 1, 2),
(4, 5, 121, 1, 1),
(1, 1, 203, 2, 2),
(2, 8, 115, 3, 1),
(1, 7, 129, 1, 2),
(3, 5, 110, 1, 1),
(5, 3, 221, 3, 2),
(1, 6, 153, 2, 1),
(5, 3, 83, 3, 2),
(5, 3, 86, 3, 2),
(2, 10, 3, 1, 2),
(1, 4, 190, 2, 1),
(1, 2, 216, 3, 1),
(5, 6, 16, 1, 1),
(4, 1, 219, 2, 2),
(4, 4, 34, 1, 2),
(4, 5, 209, 3, 1),
(2, 3, 15, 1, 1),
(4, 9, 7, 2, 2),
(5, 3, 209, 2, 2),
(3, 2, 178, 1, 1),
(5, 11, 115, 1, 2),
(5, 6, 221, 3, 1),
(2, 5, 122, 3, 2),
(5, 8, 208, 1, 1),
(5, 2, 153, 2, 1),
(3, 5, 52, 2, 2),
(2, 8, 26, 2, 2),
(4, 6, 15, 3, 2),
(2, 9, 220, 3, 1),
(3, 6, 228, 2, 2),
(1, 11, 149, 1, 1),
(1, 6, 143, 3, 2),
(4, 9, 119, 1, 2),
(3, 6, 151, 1, 1),
(2, 7, 240, 3, 1),
(3, 1, 81, 2, 2),
(4, 10, 144, 3, 1),
(4, 6, 181, 2, 2),
(3, 10, 205, 3, 2),
(4, 8, 120, 2, 2),
(1, 8, 155, 2, 2),
(2, 1, 143, 2, 1),
(1, 6, 128, 3, 2),
(5, 7, 203, 3, 1),
(1, 2, 194, 3, 1),
(4, 10, 128, 1, 1),
(3, 11, 216, 1, 1),
(1, 10, 133, 1, 1),
(2, 1, 126, 1, 2),
(2, 2, 160, 2, 2),
(5, 3, 18, 3, 2),
(1, 1, 146, 1, 2),
(3, 8, 175, 3, 2);
INSERT INTO `grades` (`value`, `subjects_id_fk`, `students_id_fk`, `grade_type`, `semestar`) VALUES
(2, 2, 207, 2, 1),
(1, 2, 91, 2, 1),
(1, 2, 150, 1, 2),
(5, 3, 39, 1, 2),
(2, 7, 106, 2, 2),
(5, 3, 155, 1, 1),
(1, 5, 54, 3, 2),
(2, 9, 46, 2, 1),
(5, 5, 131, 1, 1),
(3, 7, 97, 2, 1),
(1, 1, 98, 2, 1),
(5, 9, 158, 2, 2),
(5, 9, 158, 2, 1),
(4, 5, 221, 3, 1),
(2, 10, 210, 2, 1),
(3, 4, 8, 2, 1),
(3, 8, 114, 3, 2),
(2, 2, 203, 1, 1),
(3, 4, 64, 1, 1),
(1, 9, 12, 3, 1),
(1, 2, 104, 1, 2),
(5, 11, 98, 3, 2),
(2, 7, 110, 2, 2),
(2, 11, 124, 1, 1),
(2, 3, 168, 2, 1),
(5, 6, 184, 2, 2),
(3, 5, 232, 2, 2),
(2, 3, 181, 3, 2),
(1, 1, 8, 1, 2),
(5, 2, 240, 3, 2),
(2, 7, 208, 3, 2),
(4, 6, 151, 3, 1),
(2, 8, 204, 3, 2),
(2, 8, 39, 3, 1),
(3, 3, 145, 3, 2),
(2, 8, 57, 2, 1),
(5, 6, 58, 2, 2),
(5, 4, 219, 1, 2),
(1, 2, 234, 2, 2),
(5, 6, 8, 1, 2),
(2, 9, 1, 2, 2),
(2, 7, 198, 2, 1),
(1, 3, 164, 3, 2),
(2, 2, 201, 3, 1),
(2, 5, 123, 1, 1),
(3, 11, 68, 3, 2),
(1, 9, 220, 2, 2),
(4, 5, 95, 2, 1),
(2, 2, 169, 2, 2),
(2, 2, 198, 1, 2),
(1, 2, 213, 3, 2),
(4, 8, 150, 1, 1),
(3, 9, 33, 3, 2),
(1, 8, 107, 3, 1),
(1, 8, 79, 1, 2),
(5, 4, 114, 3, 1),
(1, 11, 204, 1, 1),
(2, 3, 84, 1, 1),
(1, 6, 43, 3, 1),
(5, 5, 172, 1, 1),
(3, 7, 96, 3, 1),
(5, 6, 195, 1, 2),
(2, 9, 38, 2, 1),
(3, 7, 73, 1, 1),
(1, 7, 201, 2, 1),
(3, 10, 3, 2, 1),
(1, 8, 138, 3, 1),
(2, 11, 79, 3, 1),
(1, 1, 153, 2, 1),
(3, 11, 173, 3, 1),
(5, 3, 202, 1, 1),
(1, 2, 45, 2, 1),
(3, 6, 174, 1, 2),
(1, 3, 141, 2, 2),
(3, 7, 58, 1, 2),
(2, 4, 186, 3, 1),
(1, 8, 9, 2, 2),
(5, 9, 157, 1, 2),
(3, 6, 167, 3, 1),
(3, 9, 19, 2, 1),
(4, 2, 236, 1, 1),
(4, 6, 113, 3, 1),
(3, 9, 153, 2, 1),
(3, 7, 95, 2, 2),
(2, 11, 160, 3, 1),
(1, 11, 72, 3, 2),
(4, 1, 62, 1, 2),
(4, 11, 183, 1, 2),
(3, 6, 176, 2, 1),
(5, 1, 143, 3, 2),
(4, 7, 11, 3, 1),
(2, 3, 86, 2, 1),
(2, 1, 132, 3, 2),
(4, 11, 163, 2, 2),
(1, 2, 203, 1, 1),
(2, 10, 215, 2, 1),
(3, 2, 150, 3, 2),
(1, 10, 47, 2, 1),
(5, 7, 47, 1, 2),
(4, 3, 94, 3, 1),
(1, 4, 73, 3, 1),
(2, 8, 70, 2, 1),
(3, 5, 21, 1, 2),
(5, 3, 164, 1, 1),
(3, 3, 136, 2, 1),
(4, 7, 26, 3, 1),
(2, 6, 231, 1, 1),
(1, 2, 178, 3, 2),
(4, 6, 192, 2, 2),
(2, 9, 119, 2, 1),
(3, 9, 59, 2, 2),
(2, 3, 70, 3, 2),
(4, 9, 98, 3, 1),
(4, 6, 61, 1, 2),
(3, 2, 55, 3, 1),
(3, 2, 76, 1, 2),
(5, 10, 160, 2, 2),
(2, 8, 46, 3, 1),
(5, 1, 106, 1, 1),
(3, 1, 158, 3, 1),
(3, 7, 69, 2, 2),
(5, 3, 3, 2, 1),
(1, 10, 9, 1, 1),
(5, 9, 124, 1, 1),
(5, 3, 40, 2, 2),
(5, 6, 135, 3, 1),
(4, 9, 181, 2, 2),
(2, 10, 141, 3, 1),
(2, 5, 151, 2, 2),
(2, 2, 236, 2, 1),
(4, 5, 209, 3, 1),
(3, 11, 207, 1, 2),
(3, 1, 202, 2, 2),
(1, 3, 21, 1, 2),
(5, 2, 184, 1, 2),
(1, 6, 111, 1, 2),
(5, 1, 137, 1, 2),
(5, 3, 222, 3, 1),
(5, 11, 21, 1, 1),
(2, 10, 143, 2, 1),
(5, 5, 137, 3, 2),
(3, 1, 206, 3, 2),
(2, 7, 185, 1, 2),
(3, 5, 172, 3, 2),
(3, 1, 128, 2, 1),
(5, 3, 157, 3, 2),
(2, 2, 11, 3, 1),
(2, 5, 26, 2, 2),
(3, 4, 94, 2, 2),
(5, 9, 224, 1, 2),
(2, 7, 158, 1, 2),
(4, 2, 177, 2, 2),
(4, 5, 190, 3, 1),
(3, 6, 36, 1, 2),
(3, 7, 145, 3, 1),
(2, 4, 97, 1, 1),
(4, 9, 91, 1, 2),
(5, 4, 83, 1, 1),
(2, 11, 47, 1, 1),
(1, 7, 94, 3, 2),
(3, 1, 227, 1, 1),
(3, 3, 129, 2, 1),
(1, 4, 154, 1, 1),
(4, 6, 108, 1, 1),
(1, 2, 119, 3, 2),
(1, 9, 129, 3, 2),
(1, 7, 178, 2, 2),
(4, 9, 54, 1, 1),
(5, 11, 36, 2, 1),
(1, 11, 238, 3, 2),
(3, 8, 208, 3, 2),
(4, 1, 22, 1, 1),
(5, 8, 27, 1, 1),
(1, 8, 36, 1, 2),
(4, 10, 168, 1, 1),
(5, 6, 158, 1, 1),
(4, 3, 87, 1, 1),
(2, 1, 195, 3, 2),
(2, 9, 85, 2, 2),
(2, 11, 19, 2, 1),
(4, 4, 239, 1, 1),
(2, 8, 190, 3, 1),
(2, 11, 196, 3, 2),
(1, 9, 239, 1, 2),
(3, 10, 54, 1, 1),
(5, 3, 19, 3, 1),
(5, 5, 61, 1, 2),
(2, 5, 130, 2, 1),
(3, 11, 40, 3, 1),
(5, 5, 152, 3, 2),
(4, 2, 26, 3, 2),
(2, 11, 123, 1, 2),
(3, 4, 115, 2, 2),
(3, 4, 77, 1, 2),
(1, 4, 71, 1, 2),
(1, 5, 82, 3, 1),
(2, 4, 124, 3, 2),
(1, 9, 85, 2, 1),
(3, 6, 174, 3, 2),
(5, 2, 57, 1, 2),
(1, 7, 118, 1, 2),
(3, 5, 175, 3, 2),
(3, 1, 193, 3, 1),
(3, 4, 20, 3, 2),
(1, 5, 37, 2, 1),
(4, 7, 64, 1, 2),
(5, 3, 147, 2, 1),
(3, 5, 29, 3, 2),
(1, 11, 95, 1, 1),
(4, 10, 63, 2, 1),
(4, 6, 80, 2, 2),
(4, 4, 90, 3, 2),
(2, 9, 177, 3, 1),
(4, 2, 186, 1, 2),
(2, 5, 151, 3, 2),
(2, 7, 81, 2, 2),
(5, 10, 217, 1, 1),
(2, 10, 34, 2, 1),
(5, 2, 12, 3, 1),
(1, 5, 159, 2, 1),
(4, 6, 35, 3, 1),
(1, 3, 92, 2, 2),
(4, 2, 121, 3, 2),
(3, 5, 97, 3, 2),
(4, 6, 205, 3, 1),
(1, 10, 122, 2, 1),
(5, 2, 47, 1, 1),
(1, 3, 136, 3, 1),
(3, 9, 231, 2, 2),
(4, 2, 192, 2, 2),
(2, 1, 175, 3, 2),
(5, 6, 219, 2, 1),
(5, 10, 186, 2, 1),
(1, 1, 100, 2, 1),
(2, 10, 127, 1, 2),
(2, 11, 63, 3, 2),
(3, 7, 218, 2, 1),
(5, 8, 66, 2, 2),
(5, 10, 59, 2, 2),
(2, 11, 102, 2, 1),
(1, 1, 74, 2, 2),
(1, 9, 136, 2, 2),
(2, 7, 150, 1, 1),
(4, 11, 61, 1, 1),
(5, 7, 38, 2, 1),
(2, 6, 202, 3, 2),
(4, 7, 168, 1, 2),
(3, 1, 101, 1, 1),
(1, 2, 39, 3, 2),
(2, 1, 128, 3, 1),
(3, 4, 219, 1, 2),
(1, 8, 112, 3, 1),
(1, 3, 79, 1, 2),
(4, 5, 106, 3, 1),
(5, 11, 153, 1, 1),
(1, 11, 179, 1, 1),
(2, 7, 64, 3, 1),
(3, 10, 35, 1, 2),
(5, 10, 89, 3, 1),
(4, 5, 71, 3, 1),
(5, 11, 146, 1, 2),
(4, 5, 155, 1, 2),
(3, 9, 34, 1, 1),
(1, 11, 197, 1, 2),
(3, 6, 118, 1, 1),
(3, 4, 124, 3, 2),
(5, 2, 119, 1, 1),
(4, 10, 198, 2, 1),
(4, 9, 211, 2, 2),
(2, 1, 137, 1, 2),
(4, 4, 45, 2, 1),
(2, 11, 231, 1, 1),
(2, 8, 125, 1, 1),
(2, 5, 226, 2, 2),
(1, 9, 62, 2, 2),
(3, 6, 106, 3, 1),
(3, 6, 188, 2, 1),
(5, 7, 4, 1, 1),
(3, 3, 193, 3, 2),
(1, 10, 36, 2, 1),
(2, 5, 30, 1, 1),
(5, 2, 135, 3, 2),
(2, 1, 81, 3, 2),
(3, 1, 102, 1, 2),
(5, 8, 95, 3, 1),
(4, 5, 91, 1, 1),
(2, 8, 11, 1, 2),
(5, 10, 76, 2, 1),
(3, 2, 205, 2, 1),
(5, 11, 99, 1, 1),
(1, 10, 55, 2, 2),
(4, 1, 133, 3, 2),
(1, 5, 12, 1, 1),
(3, 8, 71, 2, 2),
(2, 6, 165, 2, 2),
(4, 3, 90, 2, 2),
(3, 10, 125, 2, 1),
(1, 11, 117, 2, 1),
(5, 1, 84, 2, 2),
(3, 11, 126, 1, 1),
(2, 2, 79, 1, 2),
(2, 10, 12, 1, 1),
(3, 6, 110, 2, 2),
(1, 5, 110, 3, 1),
(3, 4, 65, 3, 1),
(4, 4, 233, 1, 1),
(5, 3, 211, 3, 2),
(3, 5, 155, 3, 2),
(4, 10, 80, 3, 2),
(4, 1, 127, 3, 2),
(4, 3, 86, 3, 2),
(2, 5, 197, 3, 1),
(3, 4, 69, 1, 1),
(1, 11, 204, 3, 2),
(2, 6, 214, 2, 2),
(2, 9, 118, 2, 2),
(5, 7, 180, 2, 2),
(3, 9, 200, 2, 2),
(4, 2, 150, 2, 1),
(3, 5, 154, 2, 2),
(2, 5, 6, 1, 1),
(5, 4, 202, 2, 1),
(4, 2, 35, 3, 1),
(5, 7, 79, 3, 2),
(5, 11, 148, 2, 1),
(2, 4, 202, 3, 2),
(4, 4, 206, 3, 1),
(3, 9, 183, 1, 1),
(4, 9, 188, 1, 1),
(3, 11, 105, 2, 1),
(5, 7, 166, 3, 2),
(2, 2, 63, 3, 1),
(3, 6, 196, 1, 2),
(2, 3, 134, 2, 2),
(5, 3, 75, 1, 2),
(5, 8, 118, 2, 1),
(4, 6, 103, 3, 1),
(1, 4, 78, 3, 1),
(5, 10, 118, 1, 2),
(3, 2, 199, 3, 2),
(4, 5, 68, 1, 1),
(3, 5, 155, 3, 2),
(4, 1, 127, 2, 1),
(1, 1, 194, 1, 1),
(5, 4, 53, 2, 2),
(4, 6, 98, 3, 1),
(2, 11, 96, 2, 2),
(1, 5, 196, 1, 2),
(2, 5, 211, 3, 2),
(4, 11, 107, 2, 2),
(5, 9, 160, 3, 1),
(4, 1, 11, 2, 2),
(5, 4, 195, 2, 1),
(3, 2, 5, 1, 2),
(4, 1, 161, 1, 2),
(4, 9, 49, 3, 2),
(4, 1, 32, 1, 1),
(4, 5, 184, 2, 1),
(5, 8, 141, 2, 2),
(1, 11, 114, 1, 1),
(1, 5, 188, 1, 1),
(5, 9, 135, 3, 2),
(3, 4, 45, 2, 2),
(2, 6, 13, 1, 1),
(3, 8, 174, 2, 2),
(3, 9, 43, 2, 1),
(2, 7, 151, 2, 2),
(5, 9, 80, 1, 1),
(2, 11, 42, 2, 2),
(5, 1, 122, 3, 1),
(3, 1, 198, 2, 1),
(3, 3, 39, 1, 2),
(5, 11, 238, 2, 2),
(3, 8, 158, 1, 1),
(3, 1, 105, 3, 1),
(1, 8, 124, 1, 2),
(3, 6, 84, 2, 2),
(1, 2, 108, 2, 1),
(1, 6, 107, 1, 1),
(3, 9, 170, 1, 2),
(5, 4, 137, 2, 1),
(3, 4, 110, 3, 2),
(4, 3, 227, 3, 2),
(2, 10, 119, 1, 1),
(1, 7, 149, 1, 1),
(1, 8, 177, 1, 1),
(4, 8, 135, 3, 2),
(3, 11, 22, 2, 1),
(2, 1, 196, 1, 1),
(1, 2, 140, 1, 2),
(4, 7, 112, 2, 1),
(2, 9, 9, 2, 2),
(1, 10, 210, 1, 2),
(5, 2, 98, 2, 2),
(4, 4, 117, 2, 2),
(3, 4, 225, 2, 2),
(3, 9, 81, 2, 2),
(4, 2, 91, 1, 2),
(5, 6, 164, 3, 1),
(3, 5, 145, 3, 1),
(4, 10, 136, 1, 2),
(5, 4, 84, 1, 1),
(3, 2, 101, 3, 1),
(5, 3, 178, 3, 1),
(3, 3, 184, 2, 1),
(3, 11, 196, 1, 1),
(2, 7, 121, 3, 2),
(5, 6, 123, 2, 1),
(5, 7, 194, 3, 2),
(5, 3, 39, 3, 1),
(5, 9, 57, 2, 1),
(1, 7, 120, 1, 2),
(3, 5, 194, 3, 2),
(5, 1, 127, 1, 2),
(2, 11, 90, 3, 2),
(4, 6, 150, 3, 1),
(5, 1, 128, 1, 2),
(3, 3, 154, 1, 2),
(4, 10, 90, 2, 1),
(3, 3, 96, 2, 2),
(5, 10, 192, 1, 1),
(1, 9, 50, 3, 2),
(2, 6, 113, 1, 2),
(5, 6, 163, 1, 2),
(3, 3, 184, 3, 2),
(3, 7, 110, 2, 1),
(1, 4, 6, 2, 2),
(4, 5, 149, 3, 2),
(1, 11, 74, 2, 2),
(3, 1, 238, 1, 2),
(2, 9, 155, 2, 1),
(3, 11, 72, 2, 2),
(1, 2, 213, 2, 1),
(5, 6, 231, 2, 2),
(3, 8, 40, 1, 1),
(2, 1, 103, 2, 2),
(5, 4, 4, 3, 2),
(1, 3, 174, 3, 1),
(5, 5, 30, 1, 1),
(2, 3, 146, 3, 1),
(2, 7, 150, 1, 2),
(3, 9, 209, 1, 2),
(5, 9, 77, 2, 2),
(4, 5, 215, 1, 1),
(3, 2, 99, 2, 1),
(4, 9, 139, 1, 2),
(4, 2, 171, 1, 1),
(1, 8, 158, 3, 2),
(5, 8, 74, 3, 2),
(2, 8, 153, 2, 1),
(5, 4, 64, 1, 2),
(3, 11, 28, 1, 1),
(5, 11, 215, 1, 1),
(2, 9, 139, 1, 1),
(2, 4, 159, 1, 1),
(2, 9, 192, 1, 1),
(2, 5, 62, 1, 1),
(2, 4, 23, 1, 2),
(2, 1, 99, 1, 2),
(2, 9, 55, 3, 2),
(2, 10, 226, 1, 2),
(1, 6, 36, 2, 1),
(3, 9, 50, 2, 2),
(4, 7, 202, 2, 2),
(2, 1, 42, 3, 1),
(2, 4, 223, 3, 1),
(5, 3, 153, 3, 1),
(1, 8, 50, 3, 2),
(3, 7, 128, 3, 1),
(1, 11, 175, 2, 1),
(5, 9, 239, 1, 2),
(1, 8, 147, 2, 1),
(2, 6, 198, 3, 2),
(1, 4, 235, 2, 2),
(4, 6, 134, 1, 2),
(4, 7, 141, 2, 2),
(2, 9, 200, 3, 2),
(3, 7, 35, 2, 1),
(2, 8, 65, 3, 1),
(5, 4, 80, 2, 2),
(4, 3, 149, 1, 2),
(3, 4, 21, 2, 1),
(2, 1, 86, 2, 2),
(2, 6, 33, 1, 2),
(3, 1, 65, 3, 2),
(4, 9, 99, 3, 1),
(1, 3, 113, 1, 1),
(2, 6, 8, 2, 2),
(2, 10, 210, 2, 2),
(3, 3, 183, 3, 1),
(2, 6, 221, 1, 2),
(1, 3, 60, 1, 2),
(3, 10, 5, 1, 2),
(4, 8, 146, 2, 2),
(2, 3, 215, 1, 2),
(5, 11, 35, 3, 1),
(4, 4, 36, 3, 1),
(2, 9, 203, 1, 1),
(4, 7, 216, 1, 1),
(5, 9, 128, 2, 2),
(4, 6, 151, 1, 1),
(4, 11, 196, 2, 2),
(4, 8, 157, 3, 2),
(2, 11, 203, 3, 2),
(3, 7, 94, 2, 1),
(4, 3, 132, 2, 2),
(5, 11, 93, 2, 1),
(2, 6, 33, 3, 2),
(4, 6, 113, 2, 2),
(1, 7, 169, 2, 2),
(3, 5, 166, 1, 2),
(3, 4, 199, 2, 2),
(3, 1, 183, 2, 1),
(2, 10, 217, 1, 1),
(4, 10, 46, 1, 2),
(4, 8, 174, 3, 2),
(4, 10, 161, 1, 1),
(2, 5, 175, 3, 1),
(1, 7, 128, 1, 2),
(2, 1, 93, 3, 2),
(5, 6, 40, 2, 2),
(3, 10, 201, 3, 1),
(3, 5, 213, 3, 1),
(5, 8, 82, 2, 1),
(1, 1, 14, 3, 2),
(1, 2, 165, 3, 2),
(5, 1, 190, 2, 1),
(1, 1, 172, 2, 1),
(3, 3, 160, 2, 2),
(3, 11, 190, 2, 1),
(3, 7, 207, 1, 2),
(5, 6, 184, 3, 1),
(3, 4, 16, 3, 2),
(4, 9, 41, 2, 1),
(2, 5, 112, 1, 2),
(4, 9, 18, 3, 1),
(4, 4, 53, 2, 2),
(4, 7, 38, 1, 1),
(3, 3, 192, 3, 1),
(5, 5, 111, 2, 2),
(2, 7, 32, 1, 2),
(1, 6, 112, 3, 2),
(4, 1, 5, 3, 1),
(4, 5, 116, 2, 2),
(5, 6, 176, 3, 1),
(5, 3, 168, 3, 2),
(3, 4, 35, 2, 2),
(4, 3, 229, 1, 2),
(3, 9, 41, 2, 2),
(3, 8, 9, 2, 2),
(3, 11, 186, 1, 1),
(3, 4, 224, 1, 1),
(1, 6, 56, 3, 2),
(3, 3, 216, 2, 1),
(4, 7, 164, 1, 2),
(1, 2, 14, 3, 2),
(1, 11, 155, 2, 2),
(5, 11, 75, 1, 2),
(5, 7, 147, 1, 1),
(2, 1, 138, 2, 2),
(5, 3, 137, 3, 1),
(5, 11, 54, 3, 2),
(3, 2, 114, 3, 2),
(4, 5, 34, 3, 2),
(5, 5, 130, 1, 2),
(5, 7, 96, 1, 2),
(1, 11, 28, 2, 2),
(2, 9, 86, 3, 2),
(1, 4, 74, 3, 1),
(2, 4, 7, 1, 1),
(4, 1, 157, 2, 2),
(3, 5, 104, 3, 1),
(5, 3, 161, 2, 2),
(4, 8, 133, 3, 1),
(5, 4, 39, 3, 2),
(2, 9, 37, 2, 1),
(4, 11, 203, 2, 1),
(2, 5, 114, 2, 1),
(2, 7, 188, 2, 2),
(3, 3, 176, 2, 1),
(2, 4, 235, 3, 1),
(2, 1, 197, 3, 2),
(1, 1, 13, 1, 2),
(5, 11, 110, 1, 1),
(3, 1, 147, 1, 2),
(5, 9, 34, 1, 2),
(5, 1, 7, 3, 2),
(1, 6, 102, 1, 2),
(2, 3, 92, 1, 2),
(3, 2, 59, 1, 1),
(5, 1, 2, 2, 1),
(1, 5, 174, 1, 2),
(5, 7, 194, 3, 2),
(4, 7, 4, 1, 2),
(5, 2, 6, 1, 1),
(3, 4, 98, 2, 1),
(4, 11, 48, 3, 2),
(3, 8, 7, 3, 1),
(3, 11, 208, 3, 2),
(5, 3, 113, 2, 1),
(5, 11, 11, 1, 1),
(3, 4, 20, 2, 1),
(1, 10, 121, 1, 1),
(2, 8, 230, 2, 2),
(5, 5, 174, 1, 2),
(2, 2, 1, 3, 2),
(4, 7, 81, 2, 2),
(3, 5, 39, 3, 2),
(1, 5, 195, 1, 1),
(1, 9, 123, 2, 2),
(2, 7, 124, 2, 1),
(1, 11, 207, 1, 2),
(3, 10, 180, 1, 1),
(3, 11, 94, 1, 1),
(1, 2, 69, 1, 1),
(2, 3, 113, 3, 2),
(2, 6, 202, 1, 1),
(5, 9, 154, 3, 2),
(2, 9, 47, 3, 1),
(5, 8, 82, 2, 1),
(4, 10, 66, 3, 2),
(1, 1, 111, 2, 2),
(5, 5, 50, 3, 2),
(3, 6, 25, 1, 1),
(4, 7, 87, 3, 1),
(5, 5, 134, 1, 2),
(5, 7, 193, 2, 2),
(5, 4, 65, 1, 1),
(1, 8, 100, 2, 1),
(4, 4, 59, 2, 2),
(2, 5, 226, 1, 2),
(3, 9, 131, 2, 2),
(4, 6, 101, 1, 2),
(5, 7, 44, 1, 2),
(4, 4, 223, 1, 1),
(4, 6, 83, 1, 2),
(1, 8, 163, 1, 1),
(4, 4, 225, 2, 1),
(3, 10, 141, 3, 1),
(3, 2, 47, 3, 1),
(1, 2, 35, 1, 2),
(5, 2, 24, 2, 2),
(4, 5, 9, 3, 1),
(5, 1, 221, 2, 2),
(3, 5, 29, 2, 2),
(2, 4, 205, 1, 1),
(5, 8, 1, 3, 2),
(4, 11, 127, 1, 2),
(2, 4, 91, 2, 1),
(2, 5, 2, 3, 1),
(3, 4, 22, 3, 2),
(1, 9, 147, 2, 1),
(4, 7, 129, 1, 2),
(5, 2, 156, 3, 2),
(1, 11, 167, 1, 1),
(5, 9, 209, 2, 2),
(5, 6, 59, 1, 1),
(2, 10, 109, 2, 2),
(1, 11, 239, 3, 2),
(4, 1, 17, 1, 2),
(2, 4, 208, 1, 2),
(2, 9, 26, 1, 1),
(3, 8, 155, 3, 1),
(4, 11, 154, 2, 1),
(3, 9, 94, 2, 1),
(4, 7, 39, 2, 1),
(2, 2, 15, 2, 2),
(4, 8, 67, 2, 1),
(3, 3, 44, 3, 1),
(2, 3, 78, 3, 1),
(2, 11, 21, 3, 1),
(4, 3, 34, 3, 2),
(3, 2, 231, 3, 1),
(2, 1, 63, 1, 1),
(5, 5, 226, 2, 1),
(1, 3, 26, 3, 2),
(3, 8, 228, 3, 1),
(1, 4, 165, 1, 1),
(3, 10, 235, 2, 2),
(1, 3, 26, 1, 2),
(5, 7, 30, 3, 1),
(2, 10, 168, 1, 1),
(4, 2, 113, 1, 2),
(5, 5, 118, 3, 2),
(3, 8, 118, 3, 2),
(1, 8, 18, 1, 2),
(5, 10, 13, 1, 1),
(2, 9, 10, 2, 2),
(1, 1, 192, 3, 2),
(5, 3, 131, 3, 1),
(2, 8, 102, 3, 1),
(3, 9, 44, 1, 1),
(5, 11, 156, 3, 2),
(4, 9, 61, 3, 1),
(3, 7, 173, 2, 1),
(3, 9, 93, 2, 1),
(3, 10, 109, 1, 1),
(5, 10, 130, 3, 2),
(2, 4, 29, 1, 2),
(1, 3, 100, 3, 2),
(2, 8, 66, 1, 1),
(2, 7, 130, 1, 2),
(4, 3, 120, 2, 1),
(2, 6, 156, 3, 2),
(3, 11, 68, 2, 1),
(3, 2, 207, 2, 1),
(3, 4, 137, 2, 1),
(3, 1, 24, 2, 1),
(2, 11, 37, 2, 1),
(1, 1, 204, 1, 2),
(5, 4, 223, 1, 2),
(3, 6, 68, 1, 1),
(1, 2, 189, 1, 2),
(4, 11, 35, 2, 1),
(2, 4, 134, 3, 1),
(2, 8, 113, 3, 1),
(5, 10, 55, 3, 2),
(3, 1, 13, 2, 2),
(3, 8, 103, 2, 1),
(5, 6, 34, 2, 1),
(5, 2, 30, 2, 1),
(4, 1, 12, 1, 2),
(5, 9, 23, 3, 1),
(3, 3, 30, 3, 2),
(1, 5, 146, 3, 2),
(4, 7, 54, 3, 1),
(3, 3, 77, 1, 2),
(3, 7, 67, 2, 2),
(1, 9, 90, 3, 1),
(3, 2, 77, 3, 1),
(3, 6, 15, 2, 1),
(4, 4, 105, 2, 1),
(1, 1, 211, 1, 2),
(5, 11, 212, 1, 2),
(1, 7, 96, 1, 1),
(1, 8, 56, 1, 1),
(5, 6, 228, 2, 1),
(4, 2, 3, 1, 2),
(4, 11, 177, 2, 1),
(2, 5, 130, 1, 1),
(4, 4, 35, 3, 1),
(1, 3, 146, 2, 2),
(3, 5, 118, 1, 2),
(2, 9, 108, 1, 2),
(1, 9, 88, 1, 2),
(5, 5, 173, 3, 2),
(4, 9, 44, 2, 1),
(5, 10, 222, 1, 1),
(2, 3, 108, 2, 2),
(2, 5, 113, 3, 2),
(1, 1, 163, 3, 2),
(5, 6, 30, 2, 1),
(5, 1, 74, 3, 1),
(4, 11, 79, 2, 1),
(2, 7, 201, 2, 2),
(2, 1, 240, 1, 1),
(1, 4, 184, 3, 1),
(1, 4, 60, 2, 2),
(1, 10, 40, 2, 1),
(1, 2, 229, 3, 1),
(3, 1, 4, 1, 2),
(5, 6, 157, 1, 2),
(2, 7, 226, 2, 2),
(5, 9, 54, 2, 1),
(5, 7, 181, 2, 1),
(1, 6, 143, 1, 1),
(4, 6, 238, 1, 2),
(3, 2, 91, 1, 1),
(4, 10, 201, 1, 2),
(4, 4, 100, 3, 1),
(4, 6, 179, 1, 1),
(5, 8, 164, 2, 1),
(2, 1, 124, 3, 2),
(4, 5, 14, 2, 2),
(4, 7, 150, 3, 1),
(5, 7, 88, 1, 2),
(5, 1, 161, 3, 2),
(2, 8, 181, 2, 2),
(3, 5, 53, 3, 2),
(2, 9, 126, 2, 2),
(3, 6, 100, 2, 2),
(5, 1, 142, 1, 2),
(4, 6, 36, 3, 1),
(5, 6, 5, 1, 1),
(1, 4, 209, 3, 1),
(2, 11, 85, 1, 2),
(4, 4, 188, 3, 1),
(2, 6, 33, 3, 2),
(5, 4, 153, 1, 2),
(5, 1, 83, 1, 1),
(4, 2, 233, 1, 1),
(2, 9, 221, 1, 2),
(2, 8, 34, 3, 1),
(1, 10, 67, 1, 1),
(5, 9, 197, 2, 2),
(3, 9, 4, 2, 2),
(3, 4, 113, 3, 1),
(3, 9, 114, 3, 2),
(2, 7, 150, 1, 2),
(2, 7, 79, 1, 2),
(2, 4, 128, 3, 2),
(4, 10, 136, 3, 1),
(5, 1, 85, 2, 1),
(1, 6, 207, 2, 2),
(4, 5, 59, 3, 1),
(3, 3, 119, 2, 1),
(2, 6, 91, 3, 1),
(1, 10, 77, 2, 2),
(4, 10, 12, 2, 1),
(2, 11, 163, 1, 2),
(3, 1, 78, 3, 2),
(5, 8, 121, 2, 2),
(1, 3, 23, 1, 2),
(3, 8, 30, 2, 1),
(2, 7, 215, 2, 1),
(4, 4, 169, 3, 2),
(3, 10, 93, 3, 2),
(1, 6, 19, 2, 1),
(2, 3, 181, 2, 2),
(4, 2, 106, 3, 2),
(1, 7, 121, 3, 2),
(2, 10, 149, 2, 2),
(4, 5, 6, 1, 1),
(3, 9, 112, 1, 2),
(3, 8, 76, 2, 1),
(3, 2, 24, 3, 1),
(3, 4, 24, 1, 2),
(3, 7, 26, 2, 2),
(1, 1, 224, 1, 2),
(4, 10, 34, 2, 2),
(2, 10, 58, 3, 1),
(1, 7, 69, 2, 1),
(4, 8, 137, 2, 2),
(2, 11, 35, 3, 2),
(1, 11, 104, 1, 1),
(5, 2, 213, 1, 2),
(3, 3, 212, 3, 1),
(1, 11, 52, 2, 2),
(4, 4, 208, 1, 2),
(4, 8, 20, 2, 2),
(1, 7, 36, 1, 1),
(4, 7, 109, 3, 2),
(3, 7, 153, 3, 1),
(4, 1, 48, 1, 1),
(3, 11, 29, 2, 2),
(1, 3, 207, 2, 2),
(3, 5, 81, 3, 1),
(5, 6, 223, 2, 1),
(5, 4, 182, 3, 2),
(2, 11, 89, 3, 2),
(2, 3, 74, 2, 2),
(4, 11, 126, 3, 2),
(5, 11, 97, 2, 1),
(3, 11, 143, 3, 2),
(3, 2, 36, 2, 1),
(4, 10, 132, 2, 2),
(2, 4, 184, 3, 2),
(3, 8, 22, 2, 2),
(4, 7, 142, 2, 1),
(5, 5, 157, 2, 2),
(1, 6, 8, 2, 2),
(3, 8, 138, 2, 2),
(3, 5, 149, 2, 1),
(4, 6, 116, 3, 2),
(4, 11, 62, 3, 2),
(5, 5, 111, 2, 1),
(5, 2, 89, 1, 1),
(3, 7, 234, 2, 1),
(1, 4, 228, 2, 2),
(1, 4, 193, 1, 1),
(3, 11, 55, 3, 1),
(5, 8, 122, 1, 1),
(2, 11, 203, 2, 2),
(2, 11, 69, 3, 2),
(1, 2, 114, 2, 1),
(4, 7, 160, 1, 2),
(2, 5, 78, 3, 1),
(5, 2, 107, 3, 2),
(3, 5, 225, 1, 1),
(4, 2, 52, 3, 2),
(2, 10, 63, 3, 2),
(3, 1, 56, 3, 1),
(1, 7, 185, 3, 1),
(3, 5, 188, 2, 2),
(1, 7, 40, 1, 1),
(3, 4, 39, 1, 1),
(5, 9, 144, 1, 2),
(4, 10, 122, 1, 2),
(4, 5, 194, 1, 2),
(2, 1, 32, 3, 2),
(5, 2, 25, 3, 2),
(2, 8, 201, 2, 2),
(1, 9, 221, 1, 2),
(4, 3, 73, 2, 2),
(5, 11, 160, 3, 2),
(1, 8, 175, 1, 1),
(1, 2, 113, 3, 1),
(2, 8, 108, 1, 1),
(1, 1, 76, 1, 1),
(2, 2, 62, 2, 2),
(1, 9, 37, 3, 2),
(2, 1, 211, 3, 1),
(4, 9, 11, 1, 1),
(5, 3, 225, 2, 1),
(4, 11, 138, 3, 2),
(5, 9, 82, 1, 1),
(3, 2, 23, 2, 1),
(3, 9, 227, 1, 2),
(3, 1, 12, 2, 2),
(1, 11, 69, 1, 1),
(5, 3, 169, 3, 1),
(1, 5, 70, 1, 1),
(4, 6, 119, 2, 2),
(1, 3, 205, 3, 1),
(3, 8, 10, 1, 1),
(2, 8, 134, 2, 2),
(4, 6, 182, 3, 1),
(3, 1, 29, 2, 1),
(2, 10, 165, 2, 2),
(5, 7, 234, 3, 2),
(2, 10, 157, 3, 2),
(3, 1, 125, 1, 2),
(2, 5, 120, 3, 1),
(2, 5, 49, 3, 1),
(1, 8, 70, 2, 2),
(3, 2, 72, 2, 2),
(1, 10, 141, 2, 1),
(2, 9, 23, 3, 1),
(4, 10, 137, 3, 2),
(5, 9, 144, 1, 2),
(5, 7, 8, 3, 1),
(3, 3, 115, 2, 1),
(5, 2, 164, 3, 1),
(2, 6, 149, 2, 1),
(4, 8, 132, 2, 2),
(4, 2, 150, 1, 2),
(5, 7, 19, 1, 2),
(5, 3, 228, 1, 2),
(5, 6, 151, 1, 1),
(3, 10, 51, 2, 1),
(5, 1, 46, 2, 2),
(2, 7, 34, 3, 1),
(1, 2, 218, 3, 1),
(4, 2, 185, 3, 1),
(3, 8, 38, 3, 1),
(1, 3, 37, 3, 1),
(4, 11, 178, 3, 1),
(4, 7, 163, 2, 1),
(2, 3, 81, 2, 1),
(4, 6, 40, 2, 1),
(2, 6, 146, 2, 1),
(5, 1, 187, 1, 2),
(3, 5, 222, 2, 2),
(2, 5, 229, 3, 2),
(3, 5, 141, 3, 2),
(2, 3, 109, 2, 2),
(1, 7, 203, 1, 1),
(3, 5, 25, 3, 2),
(1, 4, 145, 2, 2),
(4, 4, 228, 2, 1),
(4, 10, 82, 3, 1),
(1, 6, 139, 3, 2),
(2, 1, 118, 1, 1),
(5, 2, 31, 2, 1),
(4, 9, 154, 2, 2),
(4, 8, 208, 1, 2),
(1, 4, 97, 1, 2),
(2, 1, 190, 3, 1),
(3, 6, 6, 1, 2),
(4, 2, 101, 1, 2),
(4, 11, 20, 2, 2),
(5, 6, 7, 2, 1),
(1, 8, 120, 1, 2),
(1, 5, 236, 1, 1),
(3, 11, 58, 2, 1),
(4, 11, 31, 3, 2),
(3, 9, 33, 2, 1),
(3, 6, 131, 2, 1),
(2, 1, 220, 2, 1),
(4, 1, 181, 2, 2),
(4, 9, 117, 1, 1),
(2, 5, 221, 3, 2),
(1, 9, 205, 3, 1),
(1, 7, 236, 2, 1),
(1, 2, 114, 2, 2),
(3, 10, 19, 1, 2),
(1, 9, 6, 2, 2),
(3, 3, 78, 2, 2),
(3, 10, 175, 3, 1),
(3, 1, 213, 1, 1),
(1, 3, 45, 3, 2),
(3, 8, 169, 2, 2),
(5, 5, 239, 3, 1),
(1, 8, 53, 3, 1),
(3, 3, 237, 2, 2),
(4, 4, 240, 2, 2),
(1, 11, 146, 1, 2),
(3, 11, 145, 3, 1),
(4, 8, 57, 2, 2),
(4, 7, 82, 3, 1),
(5, 8, 7, 2, 1),
(4, 11, 11, 2, 2),
(5, 2, 150, 3, 2),
(5, 2, 72, 1, 2),
(4, 7, 26, 3, 2),
(1, 1, 37, 1, 2),
(4, 5, 202, 1, 1),
(1, 1, 144, 1, 2),
(4, 1, 89, 1, 2),
(2, 5, 6, 1, 2),
(1, 7, 188, 1, 1),
(2, 8, 157, 3, 1),
(3, 1, 131, 1, 2),
(4, 8, 121, 1, 2),
(4, 3, 68, 2, 1),
(3, 8, 93, 2, 2),
(5, 2, 40, 1, 2),
(4, 7, 21, 1, 1),
(2, 11, 93, 1, 2),
(1, 9, 234, 1, 1),
(2, 9, 81, 2, 1),
(2, 11, 94, 2, 1),
(4, 9, 70, 1, 1),
(3, 8, 116, 1, 2),
(3, 5, 96, 1, 1),
(2, 11, 240, 2, 1),
(5, 2, 40, 1, 2),
(2, 3, 172, 1, 1),
(4, 6, 122, 3, 1),
(5, 9, 135, 1, 2),
(1, 5, 68, 2, 2),
(3, 1, 131, 2, 2);

-- --------------------------------------------------------

--
-- Table structure for table `grade_type`
--

DROP TABLE IF EXISTS `grade_type`;
CREATE TABLE IF NOT EXISTS `grade_type` (
  `grade_type_id` int(11) NOT NULL,
  `name` varchar(45) NOT NULL,
  PRIMARY KEY (`grade_type_id`)
) ENGINE=InnoDB DEFAULT CHARSET=utf8;

--
-- Dumping data for table `grade_type`
--

INSERT INTO `grade_type` (`grade_type_id`, `name`) VALUES
(1, 'pismeni zadatak'),
(2, 'pismena vezba'),
(3, 'usmeni'),
(4, 'zakljucna');

-- --------------------------------------------------------

--
-- Table structure for table `messages`
--

DROP TABLE IF EXISTS `messages`;
CREATE TABLE IF NOT EXISTS `messages` (
  `messages_id` int(11) NOT NULL AUTO_INCREMENT,
  `message` varchar(255) NOT NULL,
  `time` datetime NOT NULL DEFAULT CURRENT_TIMESTAMP,
  `teacher_id` int(11) NOT NULL,
  `parent_id` int(11) NOT NULL,
  `sender_name` varchar(255) NOT NULL,
  PRIMARY KEY (`messages_id`)
) ENGINE=MyISAM AUTO_INCREMENT=91 DEFAULT CHARSET=latin1;

--
-- Dumping data for table `messages`
--

INSERT INTO `messages` (`messages_id`, `message`, `time`, `teacher_id`, `parent_id`, `sender_name`) VALUES
(90, 'Dobro, a Vi Marice? ', '2019-04-15 12:34:05', 6, 20, 'bodaTeacher'),
(87, 'Profesore, moze jedno pitanje? ', '2019-04-15 12:33:26', 6, 20, 'maricaRoditelj'),
(88, 'Pitajte Marice ', '2019-04-15 12:33:40', 6, 20, 'bodaTeacher'),
(89, 'Kako ste? ', '2019-04-15 12:33:48', 6, 20, 'maricaRoditelj');

-- --------------------------------------------------------

--
-- Table structure for table `opendoors`
--

DROP TABLE IF EXISTS `opendoors`;
CREATE TABLE IF NOT EXISTS `opendoors` (
  `opendoors_id` int(11) NOT NULL AUTO_INCREMENT,
  `parents_parents_id` int(11) NOT NULL,
  `teachers_teachers_id` int(11) NOT NULL,
  `message` tinytext NOT NULL,
  `requesttime` varchar(11) NOT NULL,
  PRIMARY KEY (`opendoors_id`)
) ENGINE=InnoDB AUTO_INCREMENT=16 DEFAULT CHARSET=latin1;

--
-- Dumping data for table `opendoors`
--

INSERT INTO `opendoors` (`opendoors_id`, `parents_parents_id`, `teachers_teachers_id`, `message`, `requesttime`) VALUES
(1, 5, 210, '123', '2019-04-03'),
(2, 5, 210, '212112', '2019-04-17'),
(3, 5, 210, 'assaassasasa', '2019-04-18'),
(4, 5, 210, 'asdsadas', '2019-04-11'),
(5, 9, 209, 'hgfhgf', '2019-04-11'),
(6, 9, 209, 'vcbvcbvcbvcb', '1993-04-11'),
(7, 9, 209, 'ffd', '1999-04-06'),
(8, 9, 209, 'hgfhgfhgf', '1970-01-01'),
(9, 9, 209, 'sdfdsf', '1970-01-01'),
(10, 9, 209, 'fdsfsdf', '1970-01-01'),
(11, 9, 209, 'dsfsdfsdfsd', '2019-04-11'),
(12, 9, 209, 'sadsadsdas', '2019-04-04'),
(13, 9, 209, 'asddasdasdsa', '2019-04-23'),
(14, 4, 209, 'asdsadas', '2019-04-12'),
(15, 4, 209, 'saddasas', '2019-04-10');

-- --------------------------------------------------------

--
-- Table structure for table `parents`
--

DROP TABLE IF EXISTS `parents`;
CREATE TABLE IF NOT EXISTS `parents` (
  `parents_id` int(11) NOT NULL,
  `student_JMBG` varchar(32) NOT NULL,
  PRIMARY KEY (`parents_id`)
) ENGINE=InnoDB DEFAULT CHARSET=utf8;

--
-- Dumping data for table `parents`
--

INSERT INTO `parents` (`parents_id`, `student_JMBG`) VALUES
(3, '158452960035'),
(4, '262786140220'),
(5, '238479348497'),
(6, '261130067525'),
(7, '143423719127'),
(8, '217820252212'),
(9, '164039094325'),
(10, '127142968050'),
(11, '252306954844'),
(12, '104888103401'),
(13, '191044923726'),
(14, '161988920512'),
(15, '182279015635'),
(16, '279543398921'),
(17, '235731773397'),
(18, '152139853141'),
(19, '153832556345'),
(20, '301997732412'),
(21, '293535243372'),
(22, '105827280859'),
(23, '104976628672'),
(24, '259712551602'),
(25, '298833763230'),
(26, '170480449084'),
(27, '129945875990'),
(28, '102099294585'),
(29, '261142167415'),
(30, '204455986850'),
(31, '195857737620'),
(32, '309997856716'),
(33, '260288405953'),
(34, '106304951638'),
(35, '164201485364'),
(36, '282314913006'),
(37, '192121837347'),
(38, '227526622460'),
(39, '218832914342'),
(40, '238064908244'),
(41, '191403089884'),
(42, '276508959592'),
(43, '218929275857'),
(44, '148472294575'),
(45, '210542625233'),
(46, '308863557402'),
(47, '233598722676'),
(48, '295920510354'),
(49, '205785347128'),
(50, '126702637422'),
(51, '182520897020'),
(52, '180666287773'),
(53, '164507773050'),
(54, '213014284344'),
(55, '218993167633'),
(56, '178416922960'),
(57, '192268658552'),
(58, '117045731907'),
(59, '191421702040'),
(60, '120945073453'),
(61, '117661684217'),
(62, '270480355960'),
(63, '293384243012'),
(64, '121919998683'),
(65, '309090733474'),
(66, '195233108120'),
(67, '302472890347'),
(68, '116121915605'),
(69, '173086812014'),
(70, '230922976953'),
(71, '293667630458'),
(72, '117068436715'),
(73, '146276438084'),
(74, '287086874329'),
(75, '262211120133'),
(76, '309209939319'),
(77, '181730483633'),
(78, '186953108068'),
(79, '156874883000'),
(80, '295927651454'),
(81, '285730223337'),
(82, '301742230431'),
(83, '203400780591'),
(84, '163595841640'),
(85, '274004094068'),
(86, '212408305134'),
(87, '260554323242'),
(88, '111049502860'),
(89, '178322325568'),
(90, '138142440875'),
(91, '295449957890'),
(92, '174786531399'),
(93, '274060742046'),
(94, '266341757383'),
(95, '155022846453'),
(96, '271826791377'),
(97, '161621469558'),
(98, '168621928841'),
(99, '198901081895'),
(100, '131478199299'),
(101, '222903781686'),
(102, '195170483187'),
(103, '140214253593'),
(104, '144426339278'),
(105, '176292654495'),
(106, '248150663379'),
(107, '226695913030'),
(108, '288446940298'),
(109, '138744653788'),
(110, '121765670600'),
(111, '165452520658'),
(112, '303705018138'),
(113, '287870524503'),
(114, '122018597746'),
(115, '286951583379'),
(116, '235136247111'),
(117, '117619444980'),
(118, '225409554812'),
(119, '153952173020'),
(120, '276536809443'),
(121, '100433540578'),
(122, '210375855308'),
(123, '219288204044'),
(124, '147144930206'),
(125, '255565357677'),
(126, '174653532412'),
(127, '277585046570'),
(128, '225485152769'),
(129, '301317855894'),
(130, '171149300538'),
(131, '300474640782'),
(132, '230149008901'),
(133, '276175824032'),
(134, '277597138187'),
(135, '163380969509'),
(136, '236405157503'),
(137, '268901463106'),
(138, '245291452654'),
(139, '136717051472'),
(140, '228216461774'),
(141, '259270909268'),
(142, '305281513013'),
(143, '159985036006'),
(144, '264556335437'),
(145, '211738061178'),
(146, '174056567274'),
(147, '111692467048'),
(148, '173166837421'),
(149, '132375401028'),
(150, '157190137586'),
(151, '176745423997'),
(152, '120109350657'),
(153, '184487190801'),
(154, '131404079848'),
(155, '284072255962'),
(156, '237036929017'),
(157, '148544758707'),
(158, '226049692737'),
(159, '175947926179'),
(160, '104031076123'),
(161, '123424459571'),
(162, '242272151568'),
(163, '283517626928'),
(164, '200173775391'),
(165, '100103266069'),
(166, '160625690442'),
(167, '157837114746'),
(168, '219926842630'),
(169, '166009666023'),
(170, '306634046855'),
(171, '308075103076'),
(172, '130684992985'),
(173, '272435042885'),
(174, '106206369153'),
(175, '209237689793'),
(176, '175926092366'),
(177, '115350819536'),
(178, '148998271194'),
(179, '197239012548'),
(180, '198579836496'),
(181, '271932142438'),
(182, '109660259892'),
(183, '250926608916'),
(184, '119765186322'),
(185, '186037918754'),
(186, '120323784769'),
(187, '154419550233'),
(188, '131129217967'),
(189, '250810581593'),
(190, '171701749055'),
(191, '240420639981'),
(192, '108724786592'),
(193, '123513004506'),
(194, '136360391947'),
(195, '138779115258'),
(196, '174574922990'),
(197, '246323983963'),
(198, '115269015939'),
(199, '191035705824'),
(200, '224220288617'),
(201, '281883375909'),
(202, '260990435224');

-- --------------------------------------------------------

--
-- Table structure for table `schedule`
--

DROP TABLE IF EXISTS `schedule`;
CREATE TABLE IF NOT EXISTS `schedule` (
  `schedule_id` int(11) NOT NULL AUTO_INCREMENT,
  `student_group_id` int(11) NOT NULL,
  PRIMARY KEY (`schedule_id`)
) ENGINE=InnoDB AUTO_INCREMENT=6 DEFAULT CHARSET=utf8;

--
-- Dumping data for table `schedule`
--

INSERT INTO `schedule` (`schedule_id`, `student_group_id`) VALUES
(1, 1),
(2, 9),
(3, 2),
(4, 4),
(5, 5);

-- --------------------------------------------------------

--
-- Table structure for table `scheduleblocks`
--

DROP TABLE IF EXISTS `scheduleblocks`;
CREATE TABLE IF NOT EXISTS `scheduleblocks` (
  `schedule_schedule_id` int(11) NOT NULL,
  `days_days_id` int(11) NOT NULL,
  `blocks_blocks_id` int(11) NOT NULL,
  `subjects_subjects_Id` int(11) NOT NULL,
  KEY `fk_scheduleblocks_schedule1_idx` (`schedule_schedule_id`),
  KEY `fk_scheduleblocks_days1_idx` (`days_days_id`),
  KEY `fk_scheduleblocks_blocks1_idx` (`blocks_blocks_id`)
) ENGINE=InnoDB DEFAULT CHARSET=utf8;

--
-- Dumping data for table `scheduleblocks`
--

INSERT INTO `scheduleblocks` (`schedule_schedule_id`, `days_days_id`, `blocks_blocks_id`, `subjects_subjects_Id`) VALUES
(5, 4, 1, 4),
(2, 2, 2, 9),
(2, 3, 1, 4),
(2, 3, 4, 7),
(2, 4, 2, 5),
(1, 1, 1, 1),
(1, 1, 2, 2),
(1, 1, 5, 3),
(1, 2, 1, 3),
(1, 2, 2, 4),
(1, 2, 3, 1),
(1, 3, 1, 1),
(1, 3, 2, 4),
(1, 3, 4, 7),
(1, 4, 1, 2),
(1, 4, 2, 3),
(1, 4, 4, 5),
(1, 5, 2, 4),
(1, 5, 3, 2);

-- --------------------------------------------------------

--
-- Table structure for table `semestar`
--

DROP TABLE IF EXISTS `semestar`;
CREATE TABLE IF NOT EXISTS `semestar` (
  `semestar_id` int(11) NOT NULL,
  `name` varchar(45) NOT NULL,
  PRIMARY KEY (`semestar_id`)
) ENGINE=InnoDB DEFAULT CHARSET=utf8;

--
-- Dumping data for table `semestar`
--

INSERT INTO `semestar` (`semestar_id`, `name`) VALUES
(1, '1 tromesecje'),
(2, '2 tromesecje'),
(3, '3 tromesecje'),
(4, '4 tromesecje'),
(5, 'polugodiste'),
(6, 'kraj godine');

-- --------------------------------------------------------

--
-- Table structure for table `status`
--

DROP TABLE IF EXISTS `status`;
CREATE TABLE IF NOT EXISTS `status` (
  `status_id` int(11) NOT NULL,
  `name` varchar(45) NOT NULL,
  PRIMARY KEY (`status_id`)
) ENGINE=InnoDB DEFAULT CHARSET=utf8;

--
-- Dumping data for table `status`
--

INSERT INTO `status` (`status_id`, `name`) VALUES
(1, 'admin'),
(2, 'director'),
(3, 'teacher'),
(4, 'parent');

-- --------------------------------------------------------

--
-- Table structure for table `students`
--

DROP TABLE IF EXISTS `students`;
CREATE TABLE IF NOT EXISTS `students` (
  `name` varchar(45) NOT NULL,
  `lastName` varchar(45) NOT NULL,
  `email` varchar(45) NOT NULL,
  `students_id` int(11) NOT NULL AUTO_INCREMENT,
  `group_id` int(11) DEFAULT NULL,
  `student_JMBG` varchar(32) NOT NULL,
  `parents_parents_id` int(11) DEFAULT NULL,
  PRIMARY KEY (`students_id`),
  KEY `fk_students_group1_idx` (`group_id`),
  KEY `fk_students_parents1_idx` (`parents_parents_id`)
) ENGINE=InnoDB AUTO_INCREMENT=241 DEFAULT CHARSET=utf8;

--
-- Dumping data for table `students`
--

INSERT INTO `students` (`name`, `lastName`, `email`, `students_id`, `group_id`, `student_JMBG`, `parents_parents_id`) VALUES
('Mercedes', 'Ambrosch', 'mambrosch0@sun.com', 1, 9, '158452960035', 3),
('Hillel', 'Imlen', 'himlen1@europa.eu', 2, 7, '262786140220', 4),
('Catherine', 'Hriinchenko', 'chriinchenko2@toplist.cz', 3, 8, '238479348497', 5),
('Easter', 'Bentzen', 'ebentzen3@webeden.co.uk', 4, 9, '261130067525', 6),
('Land', 'Keneleyside', 'lkeneleyside4@dion.ne.jp', 5, 3, '143423719127', 7),
('Bethena', 'Boreland', 'bboreland5@eepurl.com', 6, 4, '217820252212', 8),
('Marcelle', 'Motion', 'mmotion6@ucoz.com', 7, 7, '164039094325', 9),
('Gal', 'Gamil', 'ggamil7@shop-pro.jp', 8, 3, '127142968050', 10),
('Joletta', 'Flintoft', 'jflintoft8@studiopress.com', 9, 10, '252306954844', 11),
('Jozef', 'Dawber', 'jdawber9@pbs.org', 10, 7, '104888103401', 12),
('Jasun', 'Colcutt', 'jcolcutta@wix.com', 11, 10, '191044923726', 13),
('Carolina', 'Kretschmer', 'ckretschmerb@princeton.edu', 12, 4, '161988920512', 14),
('Sadie', 'Eannetta', 'seannettac@51.la', 13, 11, '182279015635', 15),
('Kenneth', 'McParland', 'kmcparlandd@oakley.com', 14, 12, '279543398921', 16),
('Mervin', 'Dyott', 'mdyotte@psu.edu', 15, 6, '235731773397', 17),
('Elbertine', 'Johananov', 'ejohananovf@hhs.gov', 16, 9, '152139853141', 18),
('Hashim', 'Guillem', 'hguillemg@is.gd', 17, 2, '153832556345', 19),
('Hermione', 'Guslon', 'hguslonh@shutterfly.com', 18, 9, '301997732412', 20),
('Bond', 'Husset', 'bhusseti@over-blog.com', 19, 1, '293535243372', 21),
('Padraic', 'McNeill', 'pmcneillj@cpanel.net', 20, 8, '105827280859', 22),
('Franklin', 'Summerhayes', 'fsummerhayesk@hatena.ne.jp', 21, 12, '104976628672', 23),
('Irina', 'Galilee', 'igalileel@wsj.com', 22, 5, '259712551602', 24),
('Etan', 'Winterflood', 'ewinterfloodm@fema.gov', 23, 6, '298833763230', 25),
('Ginni', 'Milthorpe', 'gmilthorpen@washington.edu', 24, 9, '170480449084', 26),
('Elly', 'Durnford', 'edurnfordo@weibo.com', 25, 8, '129945875990', 27),
('Wilton', 'McPhaden', 'wmcphadenp@soup.io', 26, 9, '102099294585', 28),
('Joycelin', 'Sopp', 'jsoppq@telegraph.co.uk', 27, 10, '261142167415', 29),
('Kimberlyn', 'Test', 'ktestr@comsenz.com', 28, 3, '204455986850', 30),
('Saidee', 'Wahlberg', 'swahlbergs@1und1.de', 29, 9, '195857737620', 31),
('Arron', 'Blench', 'ablencht@google.ru', 30, 8, '309997856716', 32),
('Maureene', 'Dallimare', 'mdallimareu@vkontakte.ru', 31, 2, '260288405953', 33),
('Emilio', 'Chubb', 'echubbv@mac.com', 32, 6, '106304951638', 34),
('Ruttger', 'Florentine', 'rflorentinew@unc.edu', 33, 10, '164201485364', 35),
('Drucy', 'Guinan', 'dguinanx@g.co', 34, 7, '282314913006', 36),
('Claudia', 'Neil', 'cneily@furl.net', 35, 2, '192121837347', 37),
('Lock', 'Scanes', 'lscanesz@blogger.com', 36, 6, '227526622460', 38),
('Eustace', 'Dunford', 'edunford10@miibeian.gov.cn', 37, 9, '218832914342', 39),
('Joly', 'Pinkett', 'jpinkett11@ftc.gov', 38, 11, '238064908244', 40),
('Sophronia', 'Ruprechter', 'sruprechter12@ox.ac.uk', 39, 10, '191403089884', 41),
('Free', 'Nyssen', 'fnyssen13@umich.edu', 40, 5, '276508959592', 42),
('Chauncey', 'Cordingly', 'ccordingly14@smugmug.com', 41, 2, '218929275857', 43),
('Gerianne', 'Ivanishev', 'givanishev15@businessweek.com', 42, 4, '148472294575', 44),
('Milissent', 'Muddiman', 'mmuddiman16@drupal.org', 43, 11, '210542625233', 45),
('Hanna', 'Dedman', 'hdedman17@51.la', 44, 11, '308863557402', 46),
('Ches', 'Footer', 'cfooter18@discuz.net', 45, 8, '233598722676', 47),
('Dulcia', 'Savidge', 'dsavidge19@uiuc.edu', 46, 3, '295920510354', 48),
('Catie', 'True', 'ctrue1a@ucoz.com', 47, 5, '205785347128', 49),
('Cordie', 'Mapledorum', 'cmapledorum1b@dyndns.org', 48, 7, '126702637422', 50),
('Whitman', 'Joost', 'wjoost1c@npr.org', 49, 5, '182520897020', 51),
('Olly', 'Collelton', 'ocollelton1d@theguardian.com', 50, 9, '180666287773', 52),
('Dulcea', 'Kearney', 'dkearney1e@hugedomains.com', 51, 3, '164507773050', 53),
('Jerri', 'Aizikov', 'jaizikov1f@umn.edu', 52, 2, '213014284344', 54),
('Barbra', 'Faircliff', 'bfaircliff1g@bloglines.com', 53, 12, '218993167633', 55),
('Noah', 'Bleeze', 'nbleeze1h@vistaprint.com', 54, 3, '178416922960', 56),
('Wilhelmina', 'Naldrett', 'wnaldrett1i@reference.com', 55, 3, '192268658552', 57),
('Andre', 'Tilson', 'atilson1j@flavors.me', 56, 6, '117045731907', 58),
('Kathe', 'Gravell', 'kgravell1k@hp.com', 57, 2, '191421702040', 59),
('Ricky', 'Yare', 'ryare1l@privacy.gov.au', 58, 6, '120945073453', 60),
('Hasty', 'Plascott', 'hplascott1m@naver.com', 59, 11, '117661684217', 61),
('Jeremie', 'Gley', 'jgley1n@fastcompany.com', 60, 1, '270480355960', 62),
('Birgit', 'Fouracres', 'bfouracres1o@cam.ac.uk', 61, 12, '293384243012', 63),
('Laurence', 'Whittick', 'lwhittick1p@hatena.ne.jp', 62, 5, '121919998683', 64),
('Gael', 'McGuiness', 'gmcguiness1q@wikipedia.org', 63, 8, '309090733474', 65),
('Herve', 'Ojeda', 'hojeda1r@hao123.com', 64, 5, '195233108120', 66),
('Townsend', 'Petrelluzzi', 'tpetrelluzzi1s@furl.net', 65, 11, '302472890347', 67),
('Scarface', 'Willoway', 'swilloway1t@theatlantic.com', 66, 3, '116121915605', 68),
('Desiree', 'Siaspinski', 'dsiaspinski1u@msn.com', 67, 8, '173086812014', 69),
('Cariotta', 'Treble', 'ctreble1v@marketwatch.com', 68, 4, '230922976953', 70),
('Coletta', 'Leatham', 'cleatham1w@xing.com', 69, 12, '293667630458', 71),
('Hardy', 'Avard', 'havard1x@archive.org', 70, 12, '117068436715', 72),
('Fernandina', 'Outerbridge', 'fouterbridge1y@hc360.com', 71, 10, '146276438084', 73),
('Ringo', 'Dragonette', 'rdragonette1z@studiopress.com', 72, 6, '287086874329', 74),
('Sharla', 'MacGiffin', 'smacgiffin20@blogger.com', 73, 2, '262211120133', 75),
('Molli', 'Clunan', 'mclunan21@tamu.edu', 74, 2, '309209939319', 76),
('Randal', 'Swynley', 'rswynley22@vk.com', 75, 10, '181730483633', 77),
('Ambrosio', 'Ramiro', 'aramiro23@accuweather.com', 76, 11, '186953108068', 78),
('Del', 'Banker', 'dbanker24@sciencedirect.com', 77, 7, '156874883000', 79),
('Cindelyn', 'Grunguer', 'cgrunguer25@printfriendly.com', 78, 7, '295927651454', 80),
('Avrit', 'Drohan', 'adrohan26@cmu.edu', 79, 2, '285730223337', 81),
('Yorke', 'Cluse', 'ycluse27@t-online.de', 80, 4, '301742230431', 82),
('Rosalie', 'Hoggan', 'rhoggan28@is.gd', 81, 5, '203400780591', 83),
('Bev', 'Winckle', 'bwinckle29@sciencedirect.com', 82, 11, '163595841640', 84),
('Garek', 'Yegorkov', 'gyegorkov2a@answers.com', 83, 12, '274004094068', 85),
('Heddie', 'Sleet', 'hsleet2b@buzzfeed.com', 84, 10, '212408305134', 86),
('Genny', 'Cornall', 'gcornall2c@weibo.com', 85, 7, '260554323242', 87),
('Ricca', 'Sivier', 'rsivier2d@archive.org', 86, 5, '111049502860', 88),
('Alice', 'Brocket', 'abrocket2e@abc.net.au', 87, 2, '178322325568', 89),
('Dionysus', 'Ambridge', 'dambridge2f@mediafire.com', 88, 2, '138142440875', 90),
('Care', 'Ager', 'cager2g@google.ru', 89, 9, '295449957890', 91),
('Finlay', 'Gatch', 'fgatch2h@facebook.com', 90, 9, '174786531399', 92),
('Sascha', 'Dowles', 'sdowles2i@unc.edu', 91, 8, '274060742046', 93),
('Tatum', 'Piesold', 'tpiesold2j@chicagotribune.com', 92, 3, '266341757383', 94),
('Valencia', 'Waleworke', 'vwaleworke2k@instagram.com', 93, 8, '155022846453', 95),
('Nelli', 'Gadney', 'ngadney2l@comsenz.com', 94, 8, '271826791377', 96),
('Demetria', 'Whitecross', 'dwhitecross2m@fda.gov', 95, 3, '161621469558', 97),
('Vergil', 'Yesenev', 'vyesenev2n@sakura.ne.jp', 96, 1, '168621928841', 98),
('Riva', 'Henri', 'rhenri2o@chronoengine.com', 97, 8, '198901081895', 99),
('Ramsey', 'Jemmison', 'rjemmison2p@furl.net', 98, 12, '131478199299', 100),
('Tiffany', 'Gallichiccio', 'tgallichiccio2q@seattletimes.com', 99, 4, '222903781686', 101),
('Haily', 'Tukesby', 'htukesby2r@epa.gov', 100, 7, '195170483187', 102),
('Cyrillus', 'Matysik', 'cmatysik2s@etsy.com', 101, 2, '140214253593', 103),
('Dell', 'Paffley', 'dpaffley2t@mail.ru', 102, 7, '144426339278', 104),
('Pate', 'Chatin', 'pchatin2u@icq.com', 103, 10, '176292654495', 105),
('Bertie', 'Hartlebury', 'bhartlebury2v@surveymonkey.com', 104, 8, '248150663379', 106),
('Lindon', 'Mecozzi', 'lmecozzi2w@ucsd.edu', 105, 1, '226695913030', 107),
('Cristina', 'Mawman', 'cmawman2x@dot.gov', 106, 5, '288446940298', 108),
('Ken', 'Denny', 'kdenny2y@trellian.com', 107, 9, '138744653788', 109),
('Jonas', 'Cristobal', 'jcristobal2z@constantcontact.com', 108, 10, '121765670600', 110),
('Wilt', 'Maleney', 'wmaleney30@wp.com', 109, 12, '165452520658', 111),
('Elenore', 'Sinkings', 'esinkings31@census.gov', 110, 2, '303705018138', 112),
('Ileane', 'Archbald', 'iarchbald32@taobao.com', 111, 11, '287870524503', 113),
('Waylon', 'Tanton', 'wtanton33@desdev.cn', 112, 6, '122018597746', 114),
('Yankee', 'Wabb', 'ywabb34@storify.com', 113, 9, '286951583379', 115),
('Man', 'Stollhofer', 'mstollhofer35@mashable.com', 114, 10, '235136247111', 116),
('Antony', 'Plackstone', 'aplackstone36@ocn.ne.jp', 115, 4, '117619444980', 117),
('Kelsey', 'Antyshev', 'kantyshev37@blog.com', 116, 1, '225409554812', 118),
('Cherlyn', 'Gennings', 'cgennings38@redcross.org', 117, 10, '153952173020', 119),
('Richardo', 'Oakes', 'roakes39@weather.com', 118, 4, '276536809443', 120),
('Rachelle', 'Carnaman', 'rcarnaman3a@w3.org', 119, 7, '100433540578', 121),
('Isac', 'Budgett', 'ibudgett3b@princeton.edu', 120, 5, '210375855308', 122),
('Cecilia', 'Durbyn', 'cdurbyn3c@multiply.com', 121, 5, '219288204044', 123),
('Faydra', 'Screaton', 'fscreaton3d@reference.com', 122, 2, '147144930206', 124),
('Bron', 'Tune', 'btune3e@marketwatch.com', 123, 9, '255565357677', 125),
('Olympe', 'Corradi', 'ocorradi3f@theguardian.com', 124, 8, '174653532412', 126),
('Georgeta', 'Willeman', 'gwilleman3g@theatlantic.com', 125, 6, '277585046570', 127),
('Kenn', 'Ralestone', 'kralestone3h@wikipedia.org', 126, 3, '225485152769', 128),
('Brnaby', 'Pally', 'bpally3i@seesaa.net', 127, 3, '301317855894', 129),
('Thurston', 'Tatershall', 'ttatershall3j@apache.org', 128, 11, '171149300538', 130),
('Florinda', 'Leynagh', 'fleynagh3k@wikia.com', 129, 2, '300474640782', 131),
('Ingemar', 'Frankcombe', 'ifrankcombe3l@php.net', 130, 3, '230149008901', 132),
('Nestor', 'Statersfield', 'nstatersfield3m@elegantthemes.com', 131, 11, '276175824032', 133),
('Fan', 'Keeting', 'fkeeting3n@soundcloud.com', 132, 5, '277597138187', 134),
('Emilio', 'Kenworthey', 'ekenworthey3o@behance.net', 133, 12, '163380969509', 135),
('Robinette', 'Meakes', 'rmeakes3p@quantcast.com', 134, 8, '236405157503', 136),
('Lucho', 'Brelsford', 'lbrelsford3q@privacy.gov.au', 135, 9, '268901463106', 137),
('Cordelia', 'Likly', 'clikly3r@parallels.com', 136, 7, '245291452654', 138),
('Pauly', 'Percifer', 'ppercifer3s@t-online.de', 137, 11, '136717051472', 139),
('Dimitry', 'Andrioli', 'dandrioli3t@spiegel.de', 138, 6, '228216461774', 140),
('Gorden', 'Jachimczak', 'gjachimczak3u@imdb.com', 139, 1, '259270909268', 141),
('Georgeta', 'Emsley', 'gemsley3v@people.com.cn', 140, 7, '305281513013', 142),
('Polly', 'Kubanek', 'pkubanek3w@reverbnation.com', 141, 9, '159985036006', 143),
('Oralie', 'Cassar', 'ocassar3x@sina.com.cn', 142, 1, '264556335437', 144),
('Griff', 'Cartlidge', 'gcartlidge3y@hc360.com', 143, 5, '211738061178', 145),
('Jameson', 'Rickis', 'jrickis3z@cnet.com', 144, 9, '174056567274', 146),
('Davon', 'Rennick', 'drennick40@ameblo.jp', 145, 6, '111692467048', 147),
('Elianore', 'Shillitoe', 'eshillitoe41@meetup.com', 146, 4, '173166837421', 148),
('Fabien', 'Quilligan', 'fquilligan42@dyndns.org', 147, 3, '132375401028', 149),
('Cyril', 'Clubbe', 'cclubbe43@sciencedirect.com', 148, 3, '157190137586', 150),
('Krista', 'Biddleston', 'kbiddleston44@howstuffworks.com', 149, 11, '176745423997', 151),
('Charley', 'Scrace', 'cscrace45@4shared.com', 150, 7, '120109350657', 152),
('Martita', 'Tupman', 'mtupman46@prnewswire.com', 151, 6, '184487190801', 153),
('Mariel', 'Belhome', 'mbelhome47@illinois.edu', 152, 6, '131404079848', 154),
('Lanny', 'Gullick', 'lgullick48@phoca.cz', 153, 3, '284072255962', 155),
('Marylynne', 'Skilton', 'mskilton49@microsoft.com', 154, 5, '237036929017', 156),
('Angie', 'Josefsohn', 'ajosefsohn4a@ning.com', 155, 7, '148544758707', 157),
('Saxon', 'Hurll', 'shurll4b@wired.com', 156, 8, '226049692737', 158),
('Pablo', 'Vinas', 'pvinas4c@hhs.gov', 157, 10, '175947926179', 159),
('Eugenie', 'Antrag', 'eantrag4d@furl.net', 158, 3, '104031076123', 160),
('Laryssa', 'Cormack', 'lcormack4e@globo.com', 159, 2, '123424459571', 161),
('Jayme', 'Tordiffe', 'jtordiffe4f@yelp.com', 160, 8, '242272151568', 162),
('Trina', 'MacMenamin', 'tmacmenamin4g@npr.org', 161, 7, '283517626928', 163),
('Parry', 'Worssam', 'pworssam4h@imageshack.us', 162, 1, '200173775391', 164),
('Pen', 'Ayers', 'payers4i@admin.ch', 163, 10, '100103266069', 165),
('Marthe', 'Reece', 'mreece4j@cbsnews.com', 164, 6, '160625690442', 166),
('Abdel', 'Maruszewski', 'amaruszewski4k@chicagotribune.com', 165, 3, '157837114746', 167),
('Ron', 'Sessions', 'rsessions4l@redcross.org', 166, 9, '219926842630', 168),
('Adria', 'Klambt', 'aklambt4m@earthlink.net', 167, 7, '166009666023', 169),
('Corinna', 'Elliman', 'celliman4n@etsy.com', 168, 9, '306634046855', 170),
('Padraig', 'Peck', 'ppeck4o@ted.com', 169, 10, '308075103076', 171),
('Jeanie', 'Witch', 'jwitch4p@gravatar.com', 170, 5, '130684992985', 172),
('Andie', 'Mogie', 'amogie4q@ftc.gov', 171, 5, '272435042885', 173),
('Sidnee', 'Lilie', 'slilie4r@barnesandnoble.com', 172, 8, '106206369153', 174),
('Shane', 'Skillanders', 'sskillanders4s@lulu.com', 173, 5, '209237689793', 175),
('Preston', 'Skillanders', 'pskillanders4t@sciencedirect.com', 174, 12, '175926092366', 176),
('Klara', 'Vincent', 'kvincent4u@usnews.com', 175, 1, '115350819536', 177),
('Clara', 'Fison', 'cfison4v@issuu.com', 176, 4, '148998271194', 178),
('Corey', 'Krolik', 'ckrolik4w@gov.uk', 177, 9, '197239012548', 179),
('Abrahan', 'Cupper', 'acupper4x@columbia.edu', 178, 11, '198579836496', 180),
('Tobin', 'McIntee', 'tmcintee4y@yale.edu', 179, 4, '271932142438', 181),
('Gay', 'Pindred', 'gpindred4z@columbia.edu', 180, 5, '109660259892', 182),
('Elly', 'Di Gregorio', 'edigregorio50@storify.com', 181, 5, '250926608916', 183),
('Adan', 'Aronovich', 'aaronovich51@goo.ne.jp', 182, 6, '119765186322', 184),
('Zilvia', 'Burburough', 'zburburough52@dedecms.com', 183, 1, '186037918754', 185),
('Demetre', 'Hayfield', 'dhayfield53@biblegateway.com', 184, 3, '120323784769', 186),
('Opalina', 'Klisch', 'oklisch54@last.fm', 185, 8, '154419550233', 187),
('Sherwood', 'Chalmers', 'schalmers55@cafepress.com', 186, 2, '131129217967', 188),
('Cathyleen', 'Wray', 'cwray56@lulu.com', 187, 3, '250810581593', 189),
('Celinda', 'Tinkham', 'ctinkham57@flickr.com', 188, 6, '171701749055', 190),
('Nanete', 'Cluatt', 'ncluatt58@tripod.com', 189, 8, '240420639981', 191),
('Belicia', 'Anthiftle', 'banthiftle59@sun.com', 190, 2, '108724786592', 192),
('Kristy', 'Noah', 'knoah5a@cdc.gov', 191, 5, '123513004506', 193),
('Constantina', 'Blasoni', 'cblasoni5b@icq.com', 192, 11, '136360391947', 194),
('Myron', 'Trenear', 'mtrenear5c@examiner.com', 193, 12, '138779115258', 195),
('Holly-anne', 'Fewster', 'hfewster5d@1und1.de', 194, 6, '174574922990', 196),
('Jemmy', 'Woodier', 'jwoodier5e@arizona.edu', 195, 7, '246323983963', 197),
('Sabina', 'Adamov', 'sadamov5f@indiegogo.com', 196, 12, '115269015939', 198),
('Eugenio', 'Shrieves', 'eshrieves5g@rakuten.co.jp', 197, 5, '191035705824', 199),
('Adolphe', 'Leynton', 'aleynton5h@arstechnica.com', 198, 5, '224220288617', 200),
('Eliza', 'Roscam', 'eroscam5i@cyberchimps.com', 199, 11, '281883375909', 201),
('Syd', 'Mundee', 'smundee5j@blogspot.com', 200, 9, '260990435224', 202),
('Dale', 'Copelli', 'dcopelli5k@princeton.edu', 201, 6, '236475261861', NULL),
('Illa', 'Duckerin', 'iduckerin5l@eepurl.com', 202, 5, '289974402441', NULL),
('Persis', 'Huck', 'phuck5m@google.com.au', 203, 6, '293519162032', NULL),
('Mitzi', 'O\'Rodane', 'morodane5n@nature.com', 204, 7, '161949393680', NULL),
('Irv', 'Covert', 'icovert5o@nhs.uk', 205, 10, '218085432557', NULL),
('Jaimie', 'Lazonby', 'jlazonby5p@ucsd.edu', 206, 6, '124724195755', NULL),
('Douglas', 'Wigg', 'dwigg5q@cafepress.com', 207, 3, '257910653616', NULL),
('James', 'Kenningham', 'jkenningham5r@themeforest.net', 208, 11, '184441566007', NULL),
('Corby', 'Ellum', 'cellum5s@unesco.org', 209, 4, '127225609184', NULL),
('Nollie', 'Flux', 'nflux5t@dagondesign.com', 210, 5, '126235319174', NULL),
('Lenard', 'Farrants', 'lfarrants5u@cargocollective.com', 211, 6, '103945512644', NULL),
('Drucy', 'Angeli', 'dangeli5v@tmall.com', 212, 2, '157354988001', NULL),
('Edgard', 'Donnelly', 'edonnelly5w@un.org', 213, 10, '114359420250', NULL),
('Freddie', 'Knott', 'fknott5x@reference.com', 214, 10, '114981870199', NULL),
('Dino', 'Warboy', 'dwarboy5y@imdb.com', 215, 5, '176363838308', NULL),
('Zelig', 'Fernier', 'zfernier5z@bizjournals.com', 216, 1, '299162321268', NULL),
('Gill', 'Airdrie', 'gairdrie60@tmall.com', 217, 8, '114853679214', NULL),
('Colette', 'Southers', 'csouthers61@freewebs.com', 218, 1, '239179651837', NULL),
('Sawyere', 'D\'Antoni', 'sdantoni62@independent.co.uk', 219, 3, '198903354425', NULL),
('Orazio', 'Challenor', 'ochallenor63@aol.com', 220, 7, '220023573883', NULL),
('Carmelina', 'Harkins', 'charkins64@bravesites.com', 221, 12, '260922337696', NULL),
('Malchy', 'Fussey', 'mfussey65@tmall.com', 222, 3, '226125145745', NULL),
('Chrysler', 'Keynd', 'ckeynd66@chicagotribune.com', 223, 5, '178378689269', NULL),
('Winna', 'Cornelleau', 'wcornelleau67@livejournal.com', 224, 3, '135708748788', NULL),
('Nydia', 'Belsey', 'nbelsey68@ow.ly', 225, 2, '237042883537', NULL),
('Sutherland', 'Gilfillan', 'sgilfillan69@webs.com', 226, 2, '102284940394', NULL),
('Renelle', 'Midlar', 'rmidlar6a@engadget.com', 227, 2, '153939367938', NULL),
('Belinda', 'Lynde', 'blynde6b@gnu.org', 228, 7, '221493891941', NULL),
('Rolf', 'Sushams', 'rsushams6c@hubpages.com', 229, 7, '195131248921', NULL),
('Evelina', 'MacGuigan', 'emacguigan6d@google.com', 230, 9, '129895024312', NULL),
('Ban', 'Julyan', 'bjulyan6e@elegantthemes.com', 231, 4, '138812137754', NULL),
('Florette', 'Westgarth', 'fwestgarth6f@google.com.au', 232, 5, '196160277996', NULL),
('Bibbie', 'Karczinski', 'bkarczinski6g@gov.uk', 233, 8, '115231163828', NULL),
('Rowney', 'Wark', 'rwark6h@istockphoto.com', 234, 11, '184183660434', NULL),
('Quint', 'Pagel', 'qpagel6i@spiegel.de', 235, 11, '275735765075', NULL),
('Lamond', 'Cape', 'lcape6j@typepad.com', 236, 6, '223504372145', NULL),
('Faun', 'Ollie', 'follie6k@go.com', 237, 11, '297472675800', NULL),
('Gustavus', 'Spruce', 'gspruce6l@booking.com', 238, 6, '246888259688', NULL),
('Nadeen', 'Batterham', 'nbatterham6m@amazonaws.com', 239, 10, '299486078239', NULL),
('Edi', 'Quinnette', 'equinnette6n@marriott.com', 240, 10, '232411586153', NULL);

-- --------------------------------------------------------

--
-- Table structure for table `student_group`
--

DROP TABLE IF EXISTS `student_group`;
CREATE TABLE IF NOT EXISTS `student_group` (
  `student_group_id` int(11) NOT NULL AUTO_INCREMENT,
  `teachers_teachers_id` int(11) DEFAULT NULL,
  `group_year` int(11) NOT NULL,
  `group_number` int(11) NOT NULL,
  PRIMARY KEY (`student_group_id`),
  KEY `fk_group_teachers1_idx` (`teachers_teachers_id`)
) ENGINE=InnoDB AUTO_INCREMENT=15 DEFAULT CHARSET=utf8;

--
-- Dumping data for table `student_group`
--

INSERT INTO `student_group` (`student_group_id`, `teachers_teachers_id`, `group_year`, `group_number`) VALUES
(1, 203, 1, 1),
(2, 204, 1, 2),
(3, 205, 1, 3),
(4, 206, 2, 1),
(5, 207, 2, 2),
(6, 208, 2, 3),
(7, 209, 3, 1),
(8, 210, 3, 2),
(9, 211, 3, 3),
(10, 212, 4, 1),
(11, 213, 4, 2),
(12, 214, 4, 3),
(13, 215, 4, 4),
(14, NULL, 4, 8);

-- --------------------------------------------------------

--
-- Table structure for table `subjects`
--

DROP TABLE IF EXISTS `subjects`;
CREATE TABLE IF NOT EXISTS `subjects` (
  `subjects_id` int(11) NOT NULL AUTO_INCREMENT,
  `name` varchar(45) NOT NULL,
  PRIMARY KEY (`subjects_id`)
) ENGINE=InnoDB AUTO_INCREMENT=16 DEFAULT CHARSET=utf8;

--
-- Dumping data for table `subjects`
--

INSERT INTO `subjects` (`subjects_id`, `name`) VALUES
(1, 'Matematika'),
(2, 'Srpski'),
(3, 'Fizika'),
(4, 'Hemija'),
(5, 'Fizicko'),
(6, 'Muzicko'),
(7, 'Likovno'),
(8, 'Priroda i drustvo'),
(9, 'Engleski Jezik'),
(10, 'Istorija'),
(11, 'Geografija'),
(12, 'predmet'),
(13, 'sadasd'),
(14, 'asdsadsad'),
(15, '--\'drop table subjects\'');

-- --------------------------------------------------------

--
-- Table structure for table `teachers`
--

DROP TABLE IF EXISTS `teachers`;
CREATE TABLE IF NOT EXISTS `teachers` (
  `teachers_id` int(11) NOT NULL,
  PRIMARY KEY (`teachers_id`)
) ENGINE=InnoDB DEFAULT CHARSET=utf8;

--
-- Dumping data for table `teachers`
--

INSERT INTO `teachers` (`teachers_id`) VALUES
(203),
(204),
(205),
(206),
(207),
(208),
(209),
(210),
(211),
(212),
(213),
(214),
(215),
(216);

-- --------------------------------------------------------

--
-- Table structure for table `users`
--

DROP TABLE IF EXISTS `users`;
CREATE TABLE IF NOT EXISTS `users` (
  `users_id` int(11) NOT NULL AUTO_INCREMENT,
  `status` int(11) NOT NULL,
  `username` varchar(45) NOT NULL,
  `password` longtext NOT NULL,
  `loginToken` longtext,
  `firstName` varchar(45) NOT NULL,
  `lastName` varchar(45) NOT NULL,
  `picture` varchar(45) DEFAULT NULL,
  PRIMARY KEY (`users_id`),
  KEY `fk_users_status1_idx` (`status`)
) ENGINE=InnoDB AUTO_INCREMENT=217 DEFAULT CHARSET=utf8;

--
-- Dumping data for table `users`
--

INSERT INTO `users` (`users_id`, `status`, `username`, `password`, `loginToken`, `firstName`, `lastName`, `picture`) VALUES
(1, 1, 'admin', '123123', '1babdda33d6b9a89226c73091096d25b122255d06de318ea0e1e6327924e256a5a82b0dedcd70110972e9d5a5e4f73e038c264085b8949cf03366e48c337a755b71', 'Admin', 'Adminovic', NULL),
(2, 2, 'eldiretore', '123123', NULL, 'El', 'Diretore', NULL),
(3, 4, 'showsin0', '123123', '3bfb975483f88b90e31115fe6a262298f76b7c43d60eec9c3017d3cd69ec97e5544e98e64aaf5280a35205e120ed49cd092fd92ed5da156d95904a6bceb5a5d7ce4', 'Susette', 'Howsin', NULL),
(4, 4, 'jjosipovitz1', '123123', NULL, 'Jamil', 'Josipovitz', NULL),
(5, 4, 'cwarwick2', '123123', NULL, 'Chuck', 'Warwick', NULL),
(6, 4, 'kalcott3', '123123', NULL, 'Kiel', 'Alcott', NULL),
(7, 4, 'ccritten4', '123123', NULL, 'Chiarra', 'Critten', NULL),
(8, 4, 'wlewin5', '123123', NULL, 'Westbrooke', 'Lewin', NULL),
(9, 4, 'acotterrill6', '123123', NULL, 'Adela', 'Cotterrill', NULL),
(10, 4, 'splowman7', '123123', NULL, 'Sisely', 'Plowman', NULL),
(11, 4, 'eklewer8', '123123', NULL, 'Estrellita', 'Klewer', NULL),
(12, 4, 'jsahnow9', '123123', NULL, 'Joanie', 'Sahnow', NULL),
(13, 4, 'cdelamara', '123123', NULL, 'Caril', 'Delamar', NULL),
(14, 4, 'sandriessenb', '123123', NULL, 'Stefanie', 'Andriessen', NULL),
(15, 4, 'pcleifec', '123123', NULL, 'Patrice', 'Cleife', NULL),
(16, 4, 'fgirauldd', '123123', NULL, 'Field', 'Girauld', NULL),
(17, 4, 'jgeistmanne', '123123', NULL, 'Jennette', 'Geistmann', NULL),
(18, 4, 'rperrinsf', '123123', NULL, 'Roselle', 'Perrins', NULL),
(19, 4, 'yfurneyg', '123123', NULL, 'Yevette', 'Furney', NULL),
(20, 4, 'demsonh', '123123', NULL, 'Diandra', 'Emson', NULL),
(21, 4, 'squinelli', '123123', NULL, 'Shae', 'Quinell', NULL),
(22, 4, 'nmartineauj', '123123', NULL, 'Nikolas', 'Martineau', NULL),
(23, 4, 'nguillemk', '123123', NULL, 'Nadean', 'Guillem', NULL),
(24, 4, 'flearoydl', '123123', NULL, 'Feodora', 'Learoyd', NULL),
(25, 4, 'bhanfreym', '123123', NULL, 'Baird', 'Hanfrey', NULL),
(26, 4, 'myerralln', '123123', NULL, 'Marita', 'Yerrall', NULL),
(27, 4, 'sguichardo', '123123', NULL, 'Selestina', 'Guichard', NULL),
(28, 4, 'ileirmonthp', '123123', NULL, 'Isador', 'Leirmonth', NULL),
(29, 4, 'mjentetq', '123123', NULL, 'Maddie', 'Jentet', NULL),
(30, 4, 'mseifertr', '123123', NULL, 'Mackenzie', 'Seifert', NULL),
(31, 4, 'tboldras', '123123', NULL, 'Tobie', 'Boldra', NULL),
(32, 4, 'ldeerrt', '123123', NULL, 'Lizabeth', 'Deerr', NULL),
(33, 4, 'rmccrumu', '123123', NULL, 'Rene', 'McCrum', NULL),
(34, 4, 'acattov', '123123', NULL, 'Aurlie', 'Catto', NULL),
(35, 4, 'sticew', '123123', NULL, 'Shelton', 'Tice', NULL),
(36, 4, 'dkochelx', '123123', NULL, 'Demott', 'Kochel', NULL),
(37, 4, 'hjaany', '123123', NULL, 'Hettie', 'Jaan', NULL),
(38, 4, 'blobbez', '123123', NULL, 'Bertine', 'Lobbe', NULL),
(39, 4, 'cstrongman10', '123123', NULL, 'Chicky', 'Strongman', NULL),
(40, 4, 'sguidoni11', '123123', NULL, 'Stoddard', 'Guidoni', NULL),
(41, 4, 'lbwye12', '123123', NULL, 'Liliane', 'Bwye', NULL),
(42, 4, 'flacase13', '123123', NULL, 'Fay', 'Lacase', NULL),
(43, 4, 'lpocklington14', '123123', NULL, 'Lucy', 'Pocklington', NULL),
(44, 4, 'kpittendreigh15', '123123', NULL, 'Kris', 'Pittendreigh', NULL),
(45, 4, 'abispham16', '123123', NULL, 'Amabel', 'Bispham', NULL),
(46, 4, 'aredolfi17', '123123', NULL, 'Arny', 'Redolfi', NULL),
(47, 4, 'dbarrable18', '123123', NULL, 'Drusie', 'Barrable', NULL),
(48, 4, 'fkelk19', '123123', NULL, 'Feodora', 'Kelk', NULL),
(49, 4, 'mmarjanovic1a', '123123', NULL, 'Mead', 'Marjanovic', NULL),
(50, 4, 'sburkinshaw1b', '123123', NULL, 'Sarah', 'Burkinshaw', NULL),
(51, 4, 'sbirt1c', '123123', NULL, 'Sheelagh', 'Birt', NULL),
(52, 4, 'kbonefant1d', '123123', NULL, 'Kathrine', 'Bonefant', NULL),
(53, 4, 'cllewelyn1e', '123123', NULL, 'Courtenay', 'Llewelyn', NULL),
(54, 4, 'smacdearmaid1f', '123123', NULL, 'Sharline', 'MacDearmaid', NULL),
(55, 4, 'wmcmurray1g', '123123', NULL, 'Wilbert', 'McMurray', NULL),
(56, 4, 'wnaish1h', '123123', NULL, 'Willy', 'Naish', NULL),
(57, 4, 'ecullinan1i', '123123', NULL, 'Elmore', 'Cullinan', NULL),
(58, 4, 'ifishlock1j', '123123', NULL, 'Ives', 'Fishlock', NULL),
(59, 4, 'rquigley1k', '123123', NULL, 'Rudolf', 'Quigley', NULL),
(60, 4, 'sbolus1l', '123123', NULL, 'Shepperd', 'Bolus', NULL),
(61, 4, 'ldurak1m', '123123', NULL, 'Leslie', 'Durak', NULL),
(62, 4, 'fdurtnall1n', '123123', NULL, 'Fifine', 'Durtnall', NULL),
(63, 4, 'ihewins1o', '123123', NULL, 'Ingmar', 'Hewins', NULL),
(64, 4, 'ktetley1p', '123123', NULL, 'Karol', 'Tetley', NULL),
(65, 4, 'astockow1q', '123123', NULL, 'Athene', 'Stockow', NULL),
(66, 4, 'ataillant1r', '123123', NULL, 'Andrea', 'Taillant', NULL),
(67, 4, 'plegerton1s', '123123', NULL, 'Padraic', 'Legerton', NULL),
(68, 4, 'epaffley1t', '123123', NULL, 'El', 'Paffley', NULL),
(69, 4, 'pdorkins1u', '123123', NULL, 'Pauly', 'Dorkins', NULL),
(70, 4, 'schestney1v', '123123', NULL, 'Sebastian', 'Chestney', NULL),
(71, 4, 'hjennaroy1w', '123123', NULL, 'Harrietta', 'Jennaroy', NULL),
(72, 4, 'memmins1x', '123123', NULL, 'Martita', 'Emmins', NULL),
(73, 4, 'bmollett1y', '123123', NULL, 'Benn', 'Mollett', NULL),
(74, 4, 'rwarren1z', '123123', NULL, 'Riccardo', 'Warren', NULL),
(75, 4, 'wfolkerd20', '123123', NULL, 'Wyatan', 'Folkerd', NULL),
(76, 4, 'faspital21', '123123', NULL, 'Franklin', 'Aspital', NULL),
(77, 4, 'tklesel22', '123123', NULL, 'Tiff', 'Klesel', NULL),
(78, 4, 'eadlard23', '123123', NULL, 'Ev', 'Adlard', NULL),
(79, 4, 'jcluett24', '123123', NULL, 'Jule', 'Cluett', NULL),
(80, 4, 'jdurdle25', '123123', NULL, 'Jecho', 'Durdle', NULL),
(81, 4, 'theinlein26', '123123', NULL, 'Tabatha', 'Heinlein', NULL),
(82, 4, 'rtodarini27', '123123', NULL, 'Robinia', 'Todarini', NULL),
(83, 4, 'lmcquaid28', '123123', NULL, 'Lorenzo', 'McQuaid', NULL),
(84, 4, 'edikle29', '123123', NULL, 'Elaine', 'Dikle', NULL),
(85, 4, 'ggretton2a', '123123', NULL, 'Gregorius', 'Gretton', NULL),
(86, 4, 'broxby2b', '123123', NULL, 'Bianca', 'Roxby', NULL),
(87, 4, 'mlarwood2c', '123123', NULL, 'Mandie', 'Larwood', NULL),
(88, 4, 'nginni2d', '123123', NULL, 'Neel', 'Ginni', NULL),
(89, 4, 'agillet2e', '123123', NULL, 'Anastassia', 'Gillet', NULL),
(90, 4, 'ddellascala2f', '123123', NULL, 'Danita', 'Della Scala', NULL),
(91, 4, 'jgorrie2g', '123123', NULL, 'Juline', 'Gorrie', NULL),
(92, 4, 'mbuckney2h', '123123', NULL, 'Millie', 'Buckney', NULL),
(93, 4, 'rravilus2i', '123123', NULL, 'Rosamond', 'Ravilus', NULL),
(94, 4, 'slitchmore2j', '123123', NULL, 'Shelli', 'Litchmore', NULL),
(95, 4, 'gdenyer2k', '123123', NULL, 'Gauthier', 'Denyer', NULL),
(96, 4, 'gsandal2l', '123123', NULL, 'Gizela', 'Sandal', NULL),
(97, 4, 'pmacguiness2m', '123123', NULL, 'Philomena', 'MacGuiness', NULL),
(98, 4, 'kdadamo2n', '123123', NULL, 'Kincaid', 'D\'Adamo', NULL),
(99, 4, 'jjacobsen2o', '123123', NULL, 'Jocelyne', 'Jacobsen', NULL),
(100, 4, 'foconnell2p', '123123', NULL, 'Fiann', 'O\' Connell', NULL),
(101, 4, 'mpetrie2q', '123123', NULL, 'May', 'Petrie', NULL),
(102, 4, 'mcuseick2r', '123123', NULL, 'Matilde', 'Cuseick', NULL),
(103, 4, 'rorris2s', '123123', NULL, 'Reeta', 'Orris', NULL),
(104, 4, 'ntittershill2t', '123123', NULL, 'Nye', 'Tittershill', NULL),
(105, 4, 'rcartner2u', '123123', NULL, 'Roxanne', 'Cartner', NULL),
(106, 4, 'jbalch2v', '123123', NULL, 'Jakob', 'Balch', NULL),
(107, 4, 'tchatto2w', '123123', NULL, 'Teodoro', 'Chatto', NULL),
(108, 4, 'aroy2x', '123123', NULL, 'Adara', 'Roy', NULL),
(109, 4, 'wpimm2y', '123123', NULL, 'Wernher', 'Pimm', NULL),
(110, 4, 'akillshaw2z', '123123', NULL, 'Alfreda', 'Killshaw', NULL),
(111, 4, 'csommerlin30', '123123', NULL, 'Carrol', 'Sommerlin', NULL),
(112, 4, 'rtrenouth31', '123123', NULL, 'Rosamond', 'Trenouth', NULL),
(113, 4, 'rsleith32', '123123', NULL, 'Rutter', 'Sleith', NULL),
(114, 4, 'hcorbitt33', '123123', NULL, 'Harlie', 'Corbitt', NULL),
(115, 4, 'aavery34', '123123', NULL, 'Adora', 'Avery', NULL),
(116, 4, 'gclardge35', '123123', NULL, 'Gib', 'Clardge', NULL),
(117, 4, 'dmoulsdall36', '123123', NULL, 'Delmar', 'Moulsdall', NULL),
(118, 4, 'mdartnall37', '123123', NULL, 'Mortie', 'Dartnall', NULL),
(119, 4, 'dhobden38', '123123', NULL, 'Dorthea', 'Hobden', NULL),
(120, 4, 'aminton39', '123123', NULL, 'Afton', 'Minton', NULL),
(121, 4, 'vberryann3a', '123123', NULL, 'Valentina', 'Berryann', NULL),
(122, 4, 'kbenini3b', '123123', NULL, 'Karie', 'Benini', NULL),
(123, 4, 'gmedley3c', '123123', NULL, 'Gannie', 'Medley', NULL),
(124, 4, 'sheimes3d', '123123', NULL, 'Sabina', 'Heimes', NULL),
(125, 4, 'snise3e', '123123', NULL, 'Shoshana', 'Nise', NULL),
(126, 4, 'chaire3f', '123123', NULL, 'Cully', 'Haire', NULL),
(127, 4, 'rroyden3g', '123123', NULL, 'Ragnar', 'Royden', NULL),
(128, 4, 'dklugman3h', '123123', NULL, 'De', 'Klugman', NULL),
(129, 4, 'hheliar3i', '123123', NULL, 'Howie', 'Heliar', NULL),
(130, 4, 'ktaylot3j', '123123', NULL, 'Karrah', 'Taylot', NULL),
(131, 4, 'rayrton3k', '123123', NULL, 'Robert', 'Ayrton', NULL),
(132, 4, 'tbare3l', '123123', NULL, 'Tatum', 'Bare', NULL),
(133, 4, 'avanderhoog3m', '123123', NULL, 'Arnaldo', 'Van Der Hoog', NULL),
(134, 4, 'dcrinidge3n', '123123', NULL, 'Dominik', 'Crinidge', NULL),
(135, 4, 'rjedraszek3o', '123123', NULL, 'Reynard', 'Jedraszek', NULL),
(136, 4, 'ysutherden3p', '123123', NULL, 'Yoko', 'Sutherden', NULL),
(137, 4, 'imcbeth3q', '123123', NULL, 'Inglebert', 'McBeth', NULL),
(138, 4, 'edurdle3r', '123123', NULL, 'Evonne', 'Durdle', NULL),
(139, 4, 'hfasset3s', '123123', NULL, 'Harcourt', 'Fasset', NULL),
(140, 4, 'lgrasser3t', '123123', NULL, 'Letti', 'Grasser', NULL),
(141, 4, 'jnorthrop3u', '123123', NULL, 'Jorgan', 'Northrop', NULL),
(142, 4, 'rwinsome3v', '123123', NULL, 'Rolph', 'Winsome', NULL),
(143, 4, 'cleonardi3w', '123123', NULL, 'Chrystel', 'Leonardi', NULL),
(144, 4, 'mstatton3x', '123123', NULL, 'Morna', 'Statton', NULL),
(145, 4, 'jstigers3y', '123123', NULL, 'Jodie', 'Stigers', NULL),
(146, 4, 'hmccook3z', '123123', NULL, 'Haven', 'McCook', NULL),
(147, 4, 'sbalmann40', '123123', NULL, 'Smitty', 'Balmann', NULL),
(148, 4, 'ckinloch41', '123123', NULL, 'Carlin', 'Kinloch', NULL),
(149, 4, 'bstansfield42', '123123', NULL, 'Betteanne', 'Stansfield', NULL),
(150, 4, 'jjerams43', '123123', NULL, 'Judah', 'Jerams', NULL),
(151, 4, 'bwhitebread44', '123123', NULL, 'Bev', 'Whitebread', NULL),
(152, 4, 'ddominec45', '123123', NULL, 'Diena', 'Dominec', NULL),
(153, 4, 'jkimberly46', '123123', NULL, 'Jo', 'Kimberly', NULL),
(154, 4, 'gloges47', '123123', NULL, 'Gerardo', 'Loges', NULL),
(155, 4, 'gsloane48', '123123', NULL, 'Ginnie', 'Sloane', NULL),
(156, 4, 'lpadula49', '123123', NULL, 'Lark', 'Padula', NULL),
(157, 4, 'fantonoyev4a', '123123', NULL, 'Felipe', 'Antonoyev', NULL),
(158, 4, 'jschultz4b', '123123', NULL, 'Joshua', 'Schultz', NULL),
(159, 4, 'cswiffen4c', '123123', NULL, 'Cornie', 'Swiffen', NULL),
(160, 4, 'mroskams4d', '123123', NULL, 'Margery', 'Roskams', NULL),
(161, 4, 'lfreeborn4e', '123123', NULL, 'Lars', 'Freeborn', NULL),
(162, 4, 'anuzzti4f', '123123', NULL, 'Alyson', 'Nuzzti', NULL),
(163, 4, 'lroft4g', '123123', NULL, 'Lebbie', 'Roft', NULL),
(164, 4, 'cdreossi4h', '123123', NULL, 'Carole', 'Dreossi', NULL),
(165, 4, 'kproudlock4i', '123123', NULL, 'Kim', 'Proudlock', NULL),
(166, 4, 'mkrugmann4j', '123123', NULL, 'Marlow', 'Krugmann', NULL),
(167, 4, 'fdexter4k', '123123', NULL, 'Faber', 'Dexter', NULL),
(168, 4, 'echoules4l', '123123', NULL, 'Ethe', 'Choules', NULL),
(169, 4, 'nnaulty4m', '123123', NULL, 'Nicolle', 'Naulty', NULL),
(170, 4, 'aboynes4n', '123123', NULL, 'Aloysia', 'Boynes', NULL),
(171, 4, 'mrushforth4o', '123123', NULL, 'Misha', 'Rushforth', NULL),
(172, 4, 'jscarce4p', '123123', NULL, 'Joyce', 'Scarce', NULL),
(173, 4, 'gtrayte4q', '123123', NULL, 'Gertie', 'Trayte', NULL),
(174, 4, 'tbythway4r', '123123', NULL, 'Tiffanie', 'Bythway', NULL),
(175, 4, 'acayley4s', '123123', NULL, 'Arny', 'Cayley', NULL),
(176, 4, 'avedntyev4t', '123123', NULL, 'Aeriel', 'Vedntyev', NULL),
(177, 4, 'fbuchanan4u', '123123', NULL, 'Fletcher', 'Buchanan', NULL),
(178, 4, 'btzar4v', '123123', NULL, 'Beatrice', 'Tzar', NULL),
(179, 4, 'nhodgon4w', '123123', NULL, 'Norbie', 'Hodgon', NULL),
(180, 4, 'dsangwin4x', '123123', NULL, 'Dusty', 'Sangwin', NULL),
(181, 4, 'dkardos4y', '123123', NULL, 'Derk', 'Kardos', NULL),
(182, 4, 'dkaufman4z', '123123', NULL, 'Dee', 'Kaufman', NULL),
(183, 4, 'rplante50', '123123', NULL, 'Raoul', 'Plante', NULL),
(184, 4, 'preek51', '123123', NULL, 'Peyton', 'Reek', NULL),
(185, 4, 'swaddingham52', '123123', NULL, 'Sileas', 'Waddingham', NULL),
(186, 4, 'gescreet53', '123123', NULL, 'Gordon', 'Escreet', NULL),
(187, 4, 'cblown54', '123123', NULL, 'Cesya', 'Blown', NULL),
(188, 4, 'gsteabler55', '123123', NULL, 'Gearard', 'Steabler', NULL),
(189, 4, 'sdutnell56', '123123', NULL, 'Shauna', 'Dutnell', NULL),
(190, 4, 'sspofforth57', '123123', NULL, 'Saleem', 'Spofforth', NULL),
(191, 4, 'amartyn58', '123123', NULL, 'Alvira', 'Martyn', NULL),
(192, 4, 'lkinnerk59', '123123', NULL, 'Lyda', 'Kinnerk', NULL),
(193, 4, 'npattemore5a', '123123', NULL, 'Nannie', 'Pattemore', NULL),
(194, 4, 'mgrunbaum5b', '123123', NULL, 'Marc', 'Grunbaum', NULL),
(195, 4, 'khanhardt5c', '123123', NULL, 'Kayley', 'Hanhardt', NULL),
(196, 4, 'kaloshkin5d', '123123', NULL, 'Karlen', 'Aloshkin', NULL),
(197, 4, 'aspatoni5e', '123123', NULL, 'Amerigo', 'Spatoni', NULL),
(198, 4, 'gmaffin5f', '123123', NULL, 'Ginnifer', 'Maffin', NULL),
(199, 4, 'rcayley5g', '123123', NULL, 'Rosita', 'Cayley', NULL),
(200, 4, 'srizon5h', '123123', NULL, 'Shela', 'Rizon', NULL),
(201, 4, 'bbanbury5i', '123123', NULL, 'Babita', 'Banbury', NULL),
(202, 4, 'bdanielian5j', '123123', NULL, 'Baxy', 'Danielian', NULL),
(203, 3, 'ewortley0', '123123', NULL, 'Engelbert', 'Wortley', NULL),
(204, 3, 'aspensley1', '123123', NULL, 'Alistair', 'Spensley', NULL),
(205, 3, 'agarrat2', '123123', NULL, 'Ailee', 'Garrat', NULL),
(206, 3, 'fgatcliff3', '123123', NULL, 'Fanchette', 'Gatcliff', NULL),
(207, 3, 'lclapton4', '123123', NULL, 'Lil', 'Clapton', NULL),
(208, 3, 'salexis5', '123123', NULL, 'Shelley', 'Alexis', NULL),
(209, 3, 'ipearsey6', '123123', NULL, 'Irma', 'Pearsey', NULL),
(210, 3, 'averdie7', '123123', NULL, 'Ambrosi', 'Verdie', NULL),
(211, 3, 'nprazer8', '123123', NULL, 'Nanni', 'Prazer', NULL),
(212, 3, 'rgurley9', '123123', NULL, 'Rosalie', 'Gurley', NULL),
(213, 3, 'hspendleya', '123123', NULL, 'Hendrika', 'Spendley', NULL),
(214, 3, 'pcomizzolib', '123123', NULL, 'Pattie', 'Comizzoli', NULL),
(215, 3, 'hedingtonc', '123123', NULL, 'Herby', 'Edington', NULL),
(216, 3, 'bexalld', '123123', NULL, 'Burl', 'Exall', NULL);

--
-- Constraints for dumped tables
--

--
-- Constraints for table `grades`
--
ALTER TABLE `grades`
  ADD CONSTRAINT `fk_grades_Grade_type1` FOREIGN KEY (`grade_type`) REFERENCES `grade_type` (`grade_type_id`) ON DELETE NO ACTION ON UPDATE NO ACTION,
  ADD CONSTRAINT `fk_grades_semestar1` FOREIGN KEY (`semestar`) REFERENCES `semestar` (`semestar_id`) ON DELETE NO ACTION ON UPDATE NO ACTION,
  ADD CONSTRAINT `fk_grades_students1` FOREIGN KEY (`students_id_fk`) REFERENCES `students` (`students_id`) ON DELETE NO ACTION ON UPDATE NO ACTION,
  ADD CONSTRAINT `fk_grades_subjects1` FOREIGN KEY (`subjects_id_fk`) REFERENCES `subjects` (`subjects_id`) ON DELETE NO ACTION ON UPDATE NO ACTION;

--
-- Constraints for table `parents`
--
ALTER TABLE `parents`
  ADD CONSTRAINT `fk_parents_users1` FOREIGN KEY (`parents_id`) REFERENCES `users` (`users_id`) ON DELETE NO ACTION ON UPDATE NO ACTION;

--
-- Constraints for table `scheduleblocks`
--
ALTER TABLE `scheduleblocks`
  ADD CONSTRAINT `fk_scheduleblocks_blocks1` FOREIGN KEY (`blocks_blocks_id`) REFERENCES `blocks` (`blocks_id`) ON DELETE NO ACTION ON UPDATE NO ACTION,
  ADD CONSTRAINT `fk_scheduleblocks_days1` FOREIGN KEY (`days_days_id`) REFERENCES `days` (`days_id`) ON DELETE NO ACTION ON UPDATE NO ACTION,
  ADD CONSTRAINT `fk_scheduleblocks_schedule1` FOREIGN KEY (`schedule_schedule_id`) REFERENCES `schedule` (`schedule_id`) ON DELETE NO ACTION ON UPDATE NO ACTION;

--
-- Constraints for table `students`
--
ALTER TABLE `students`
  ADD CONSTRAINT `fk_students_group1` FOREIGN KEY (`group_id`) REFERENCES `student_group` (`student_group_id`) ON DELETE NO ACTION ON UPDATE NO ACTION,
  ADD CONSTRAINT `fk_students_parents1` FOREIGN KEY (`parents_parents_id`) REFERENCES `parents` (`parents_id`) ON DELETE NO ACTION ON UPDATE NO ACTION;

--
-- Constraints for table `student_group`
--
ALTER TABLE `student_group`
  ADD CONSTRAINT `fk_group_teachers1` FOREIGN KEY (`teachers_teachers_id`) REFERENCES `teachers` (`teachers_id`) ON DELETE NO ACTION ON UPDATE NO ACTION;

--
-- Constraints for table `teachers`
--
ALTER TABLE `teachers`
  ADD CONSTRAINT `fk_teachers_users1` FOREIGN KEY (`teachers_id`) REFERENCES `users` (`users_id`) ON DELETE NO ACTION ON UPDATE NO ACTION;

--
-- Constraints for table `users`
--
ALTER TABLE `users`
  ADD CONSTRAINT `fk_users_status1` FOREIGN KEY (`status`) REFERENCES `status` (`status_id`) ON DELETE NO ACTION ON UPDATE NO ACTION;
COMMIT;

/*!40101 SET CHARACTER_SET_CLIENT=@OLD_CHARACTER_SET_CLIENT */;
/*!40101 SET CHARACTER_SET_RESULTS=@OLD_CHARACTER_SET_RESULTS */;
/*!40101 SET COLLATION_CONNECTION=@OLD_COLLATION_CONNECTION */;
